CREATE DATABASE  IF NOT EXISTS `ifb299_database` /*!40100 DEFAULT CHARACTER SET utf8 */;
USE `ifb299_database`;
-- MySQL dump 10.13  Distrib 5.7.17, for Win64 (x86_64)
--
-- Host: localhost    Database: ifb299_database
-- ------------------------------------------------------
-- Server version	5.7.19-log

/*!40101 SET @OLD_CHARACTER_SET_CLIENT=@@CHARACTER_SET_CLIENT */;
/*!40101 SET @OLD_CHARACTER_SET_RESULTS=@@CHARACTER_SET_RESULTS */;
/*!40101 SET @OLD_COLLATION_CONNECTION=@@COLLATION_CONNECTION */;
/*!40101 SET NAMES utf8 */;
/*!40103 SET @OLD_TIME_ZONE=@@TIME_ZONE */;
/*!40103 SET TIME_ZONE='+00:00' */;
/*!40014 SET @OLD_UNIQUE_CHECKS=@@UNIQUE_CHECKS, UNIQUE_CHECKS=0 */;
/*!40014 SET @OLD_FOREIGN_KEY_CHECKS=@@FOREIGN_KEY_CHECKS, FOREIGN_KEY_CHECKS=0 */;
/*!40101 SET @OLD_SQL_MODE=@@SQL_MODE, SQL_MODE='NO_AUTO_VALUE_ON_ZERO' */;
/*!40111 SET @OLD_SQL_NOTES=@@SQL_NOTES, SQL_NOTES=0 */;

--
-- Table structure for table `car`
--

DROP TABLE IF EXISTS `car`;
/*!40101 SET @saved_cs_client     = @@character_set_client */;
/*!40101 SET character_set_client = utf8 */;
CREATE TABLE `car` (
  `Car_ID` int(11) NOT NULL,
  `Car_Make_Key` int(11) DEFAULT NULL,
  `Car_Series_Year` int(11) DEFAULT NULL,
  `Car_PriceNew` int(11) DEFAULT NULL,
  `Car_EngineSize` varchar(4) CHARACTER SET utf8mb4 DEFAULT NULL,
  `Car_FuelSystem` varchar(25) CHARACTER SET utf8mb4 DEFAULT NULL,
  `Car_TankCapacity` varchar(6) CHARACTER SET utf8mb4 DEFAULT NULL,
  `Car_Power` varchar(5) CHARACTER SET utf8mb4 DEFAULT NULL,
  `Car_SeatingCapacity` int(11) DEFAULT NULL,
  `Car_StandardCapacity` varchar(5) CHARACTER SET utf8mb4 DEFAULT NULL,
  `Car_BodyType` varchar(15) CHARACTER SET utf8mb4 DEFAULT NULL,
  `Car_Drive` char(3) CHARACTER SET utf8mb4 DEFAULT NULL,
  `Car_Wheelbase` char(6) CHARACTER SET utf8mb4 DEFAULT NULL,
  PRIMARY KEY (`Car_ID`),
  KEY `car_make_key` (`Car_Make_Key`),
  CONSTRAINT `car_make_key` FOREIGN KEY (`Car_Make_Key`) REFERENCES `make` (`Car_Make_Key`) ON DELETE NO ACTION ON UPDATE NO ACTION
) ENGINE=InnoDB DEFAULT CHARSET=utf8;
/*!40101 SET character_set_client = @saved_cs_client */;

--
-- Dumping data for table `car`
--

LOCK TABLES `car` WRITE;
/*!40000 ALTER TABLE `car` DISABLE KEYS */;
INSERT INTO `car` VALUES (14806,1,2006,83650,'2.7L','DIESEL TURBO F/INJ','82L','140Kw',7,'6A','4D WAGON','4WD','2885mm'),(14810,2,1996,51800,'2.5L','DIESEL TURBO','88.5L','83Kw',5,'4A4x4','4D WAGON','4WD','2540mm'),(14811,3,2000,34886,'1.8L','MULTI POINT F/INJ','59L','84Kw',5,'5M4x4','3D HARDBACK','4WD','2555mm'),(14812,4,1999,66000,'4.0L','MULTI POINT F/INJ','95L','132Kw',7,'4A','4D WAGON','4WD','2540mm'),(14813,5,1994,50430,'2.5L','DIESEL TURBO','88.5L','83Kw',5,'4A4x4','4D WAGON','4WD','2540mm'),(14814,6,2004,71450,'4.0L','MULTI POINT F/INJ','93L','136Kw',7,'4A','4D WAGON','4WD','2540mm'),(14815,7,1978,9045,'2.3L','DIESEL','45L','46Kw',8,'4M4x4','2D HARDTOP','4WD','2230mm'),(14816,8,2003,55450,'4.0L','MULTI POINT F/INJ','93L','136Kw',7,'4A','4D WAGON','4WD','2540mm'),(14817,9,2003,51950,'2.5L','DIESEL TURBO F/INJ','93L','101Kw',5,'5M','4D WAGON','4WD','2540mm'),(14818,10,1998,39990,'2.5L','DIESEL TURBO','88.5L','83Kw',5,'5M4x4','4D WAGON','4WD','2540mm'),(14819,11,1972,5203,'2.3L','DIESEL','73L','46Kw',12,'4M4x4','2D HARDTOP','4WD','2768mm'),(14831,12,2004,84500,'3.0L','TURBO CDI','93L','150Kw',5,'6A','4D WAGON','4WD','2820mm'),(14832,13,2002,56550,'2.0L','MULTI POINT F/INJ','63L','105Kw',5,'5AS','4D SEDAN','RWD','2725mm'),(14833,14,1996,62550,'2.5L','MULTI POINT F/INJ','62L','125Kw',5,'5M','4D SEDAN','RWD','2700mm'),(14834,15,2001,109050,'3.0L','MULTI POINT F/INJ','63L','170Kw',5,'5AS','2D CONVERTIBLE','RWD','2725mm'),(14835,16,1987,136500,'3.4L','ELECTRONIC F/INJ','90L','155Kw',5,'4A','4D SEDAN','RWD','2833mm'),(14836,17,2005,89000,'2.5L','MULTI POINT F/INJ','70L','141Kw',5,'6AS','4D SEDAN','RWD','2888mm'),(14837,18,2006,71500,'2.5L','MULTI POINT F/INJ','60L','130Kw',5,'6AS','4D WAGON','RWD','2760mm'),(14838,19,1996,98200,'2.5L','ELECTRONIC F/INJ','80L','141Kw',5,'5A','4D SEDAN','RWD','2761mm'),(14839,20,1995,46200,'1.6L','MULTI POINT F/INJ','52L','75Kw',5,'5M','3D HATCHBACK','RWD','2700mm'),(14842,21,2005,57200,'2.0L','MULTI POINT F/INJ','65L','110Kw',5,'6AS','4D SEDAN','RWD','2760mm'),(14843,22,2001,90700,'3.0L','MULTI POINT F/INJ','63L','170Kw',5,'5AS','4D SEDAN','RWD','2725mm'),(14846,23,2004,84000,'3.0L','MULTI POINT F/INJ','93L','170Kw',5,'5AS','4D WAGON','4WD','2820mm'),(14847,24,1998,56600,'1.9L','MULTI POINT F/INJ','65L','103Kw',5,'4A','4D SEDAN','RWD','2700mm'),(14850,25,1984,59500,'3.2L','ELECTRONIC F/INJ','100L','145Kw',5,'4A','4D SEDAN','RWD','2795mm'),(14851,26,2005,65300,'2.2L','MULTI POINT F/INJ','63L','125Kw',5,'5AS','4D SEDAN','RWD','2725mm'),(14852,27,2002,43869,'1.8L','MULTI POINT F/INJ','63L','85Kw',5,'5AS','3D HATCHBACK','RWD','2725mm'),(14853,28,2005,44100,'2.0L','MULTI POINT F/INJ','50L','110Kw',5,'6A','5D HATCHBACK','RWD','2660mm'),(14854,29,1989,54700,'2.0L','ELECTRONIC F/INJ','65L','95Kw',5,'5M','4D SEDAN','RWD','2570mm'),(14855,30,2001,67050,'2.2L','MULTI POINT F/INJ','63L','125Kw',5,'5AS','2D COUPE','RWD','2725mm'),(14856,31,1988,74500,'2.5L','ELECTRONIC F/INJ','55L','125Kw',5,'4A','4D SEDAN','RWD','2570mm'),(14857,32,2005,54500,'2.0L','MULTI POINT F/INJ','63L','105Kw',5,'5M','4D SEDAN','RWD','2725mm'),(14858,33,1996,83330,'2.8L','MULTI POINT F/INJ','65L','142Kw',5,'5A','4D SEDAN','RWD','2700mm'),(14859,34,1997,96500,'2.8L','MULTI POINT F/INJ','70L','142Kw',5,'5AS','4D SEDAN','RWD','2830mm'),(14860,35,1997,51320,'1.8L','ELECTRONIC F/INJ','65L','85Kw',5,'4A','4D SEDAN','RWD','2700mm'),(14861,36,1997,55100,'1.9L','MULTI POINT F/INJ','65L','103Kw',5,'5M','4D SEDAN','RWD','2700mm'),(14862,37,2001,53950,'2.0L','MULTI POINT F/INJ','63L','105Kw',5,'5M','4D SEDAN','RWD','2725mm'),(14863,38,2001,82350,'3.0L','MULTI POINT F/INJ','93L','170Kw',5,'5AS','4D WAGON','4WD','2820mm'),(14864,39,2006,47800,'2.0L','DIESEL TURBO F/INJ','51L','115Kw',5,'6A','5D HATCHBACK','RWD','2660mm'),(14865,40,2000,52070,'1.9L','MULTI POINT F/INJ','63L','87Kw',5,'5M','4D SEDAN','RWD','2725mm'),(14866,41,2006,84000,'3.0L','MULTI POINT F/INJ','93L','170Kw',5,'5AS','4D WAGON','4WD','2820mm'),(14867,42,1995,49650,'1.8L','ELECTRONIC F/INJ','65L','85Kw',5,'5M','4D SEDAN','RWD','2700mm'),(14870,43,1999,73900,'2.5L','MULTI POINT F/INJ','63L','125Kw',5,'5M','2D COUPE','RWD','2725mm'),(14871,44,2006,86800,'3.0L','TURBO CDI','93L','150Kw',5,'6A','4D WAGON','4WD','2820mm'),(14872,45,1999,54370,'1.9L','MULTI POINT F/INJ','63L','87Kw',5,'5M','4D SEDAN','RWD','2725mm'),(14873,46,1996,57110,'1.8L','ELECTRONIC F/INJ','65L','103Kw',5,'4A','2D COUPE','RWD','2700mm'),(14874,47,2004,41750,'1.8L','MULTI POINT F/INJ','63L','85Kw',5,'5M','3D HATCHBACK','RWD','2725mm'),(14875,48,1989,36950,'1.8L','ELECTRONIC F/INJ','55L','83Kw',5,'5M','2D SEDAN','RWD','2570mm'),(14876,49,1994,46500,'1.8L','ELECTRONIC F/INJ','65L','85Kw',5,'5M','4D SEDAN','RWD','2700mm'),(14877,50,2006,53400,'2.0L','MULTI POINT F/INJ','65L','110Kw',5,'6AS','4D SEDAN','RWD','2760mm'),(14878,51,1996,83600,'2.5L','MULTI POINT F/INJ','70L','125Kw',5,'5AS','4D SEDAN','RWD','2830mm'),(14879,52,2002,101400,'3.0L','MULTI POINT F/INJ','70L','170Kw',5,'5AS','4D SEDAN','RWD','2830mm'),(14880,53,1991,69100,'2.0L','ELECTRONIC F/INJ','80L','110Kw',5,'5A','4D SEDAN','RWD','2761mm'),(14881,54,1991,44300,'1.8L','ELECTRONIC F/INJ','65L','85Kw',5,'4A','4D SEDAN','RWD','2700mm'),(14882,55,2000,48315,'1.9L','MULTI POINT F/INJ','63L','87Kw',5,'5M','4D SEDAN','RWD','2725mm'),(14883,56,1986,38600,'1.8L','ELECTRONIC F/INJ','58L','77Kw',5,'5M','4D SEDAN','RWD','2570mm'),(14884,57,1998,58950,'1.9L','MULTI POINT F/INJ','62L','103Kw',5,'5M','2D COUPE','RWD','2700mm'),(14885,58,1988,145900,'3.4L','ELECTRONIC F/INJ','95L','155Kw',5,'4A','4D SEDAN','RWD','2945mm'),(14886,59,NULL,NULL,'NULL','NULL','NULL','NULL',NULL,'NULL','NULL','NUL','NULL'),(14887,60,1991,80200,'2.5L','ELECTRONIC F/INJ','80L','141Kw',5,'5M','4D SEDAN','RWD','2761mm'),(14888,61,2002,75000,'2.5L','MULTI POINT F/INJ','63L','141Kw',5,'5AS','2D COUPE','RWD','2725mm'),(14889,62,2005,40350,'1.8L','MULTI POINT F/INJ','63L','85Kw',5,'5M','3D HATCHBACK','RWD','2725mm'),(14890,63,2005,84300,'3.0L','TURBO CDI','93L','150Kw',5,'6A','4D WAGON','4WD','2820mm'),(14891,64,1964,2530,'1.5L','CARB','43L','63Kw',0,'4M','2D ROADSTER','RWD','2280mm'),(14892,65,NULL,NULL,'NULL','NULL','NULL','NULL',NULL,'NULL','NULL','NUL','NULL'),(14894,66,NULL,NULL,'NULL','NULL','NULL','NULL',NULL,'NULL','NULL','NUL','NULL'),(14895,67,1977,6012,'1.8L','CARB','55L','82Kw',5,'5M','2D HARDTOP','RWD','2500mm'),(14896,68,2001,19050,'1.5L','ELECTRONIC F/INJ','43L','64Kw',5,'5M','5D HATCHBACK','FWD','2390mm'),(14897,69,1997,14200,'1.3L','SINGLE POINT F/INJ','40L','54Kw',5,'5M','4D SEDAN','FWD','2390mm'),(14899,70,2002,19240,'1.5L','ELECTRONIC F/INJ','43L','64Kw',5,'5M','5D HATCHBACK','FWD','2390mm'),(14900,71,1987,12250,'1.3L','CARB','38L','46Kw',5,'5M','3D HATCHBACK','FWD','2295mm'),(14901,72,1999,19590,'1.5L','ELECTRONIC F/INJ','40L','64Kw',5,'4A','5D HATCHBACK','FWD','2390mm'),(14902,73,2008,42990,'2.5L','DIESEL TURBO F/INJ','80L','96Kw',5,'6ATip','VAN','FWD','3000mm'),(14903,74,2006,35490,'2.0L','DIESEL TURBO F/INJ','55L','103Kw',5,'6M','4D SEDAN','FWD','2578mm'),(14904,75,2005,43400,'2.5L','DIESEL TURBO F/INJ','80L','96Kw',2,'6ATip','VAN','FWD','3000mm'),(14905,76,2007,16990,'1.4L','MULTI POINT F/INJ','45L','59Kw',5,'5M','3D HATCHBACK','FWD','2465mm'),(14906,77,2006,39990,'2.0L','TURBO MPFI','55L','147Kw',5,'6ADSG','4D SEDAN','FWD','2578mm'),(14907,78,2006,72990,'2.5L','DIESEL TURBO F/INJ','80L','128Kw',7,'6ATip','4D VAN','FWD','3000mm'),(14908,79,2007,39990,'2.0L','TURBO MPFI','55L','147Kw',5,'6ADSG','4D SEDAN','FWD','2578mm'),(14909,80,2007,39990,'2.0L','TURBO MPFI','55L','147Kw',5,'6M','5D HATCHBACK','FWD','2578mm'),(14910,81,2001,25990,'1.6L','MULTI POINT F/INJ','55L','74Kw',5,'5M','5D HATCHBACK','FWD','2511mm'),(14911,82,2005,32290,'1.9L','DIESEL TURBO F/INJ','55L','77Kw',5,'6ADSG','5D HATCHBACK','FWD','2578mm'),(14912,83,2007,35290,'2.0L','MULTI POINT F/INJ','55L','110Kw',5,'6ATip','4D SEDAN','FWD','2578mm'),(14914,84,2007,37290,'1.4L','S/C & T/C MPFI','55L','125Kw',5,'6ADSG','5D HATCHBACK','FWD','2578mm'),(14915,85,1995,30490,'2.0L','MULTI POINT F/INJ','55L','85Kw',5,'5M','5D HATCHBACK','FWD','2475mm'),(14920,86,2007,37990,'2.0L','DIESEL TURBO F/INJ','55L','103Kw',5,'6ADSG','4D SEDAN','FWD','2578mm'),(14921,87,2005,32290,'2.0L','ELECTRONIC F/INJ','55L','110Kw',5,'6ATip','5D HATCHBACK','FWD','2578mm'),(14922,88,2007,32490,'2.0L','DIESEL TURBO F/INJ','55L','103Kw',5,'6M','5D HATCHBACK','FWD','2578mm'),(14923,89,2002,49800,'1.8L','TURBO MPFI','62L','110Kw',5,'5ATip','4D WAGON','FWD','2703mm'),(14924,90,2006,32990,'2.0L','ELECTRONIC F/INJ','55L','110Kw',5,'6M','5D HATCHBACK','FWD','2578mm'),(14925,91,1999,34990,'2.0L','MULTI POINT F/INJ','55L','85Kw',5,'5M','5D HATCHBACK','FWD','2511mm'),(14926,92,1998,31980,'1.6L','MULTI POINT F/INJ','55L','74Kw',5,'4A','5D HATCHBACK','FWD','2511mm'),(14927,93,2006,60990,'2.5L','DIESEL TURBO F/INJ','80L','128Kw',7,'6M','4D VAN','4WD','3000mm'),(14928,94,2002,21800,'1.4L','MULTI POINT F/INJ','45L','55Kw',5,'5M','5D HATCHBACK','FWD','2460mm'),(14929,95,2006,78600,'2.5L','DIESEL TURBO F/INJ','100L','128Kw',5,'6ATip','4D WAGON','4WD','2855mm'),(14930,96,2006,34990,'1.9L','DIESEL TURBO F/INJ','60L','77Kw',5,'6ADSG','4D WAGON','FWD','2682mm'),(14940,97,2004,32490,'2.0L','DIESEL TURBO F/INJ','55L','103Kw',5,'6M','5D HATCHBACK','FWD','2578mm'),(14941,98,2001,36350,'2.0L','MULTI POINT F/INJ','55L','85Kw',5,'5M','4D SEDAN','FWD','2500mm'),(14942,99,2006,16990,'1.4L','MULTI POINT F/INJ','45L','55Kw',5,'5M','3D HATCHBACK','FWD','2465mm'),(14943,100,2006,24990,'1.9L','DIESEL TURBO F/INJ','60L','77Kw',2,'5M','VAN','FWD','2682mm'),(14944,101,2003,19800,'1.4L','MULTI POINT F/INJ','45L','55Kw',5,'5M','3D HATCHBACK','FWD','2460mm'),(14945,102,2004,25990,'1.6L','MULTI POINT F/INJ','55L','75Kw',5,'5M','5D HATCHBACK','FWD','2511mm'),(14946,103,2007,26990,'1.8L','TURBO MPFI','45L','110Kw',5,'5M','3D HATCHBACK','FWD','2466mm'),(14947,104,1999,31190,'1.6L','MULTI POINT F/INJ','55L','74Kw',5,'4A','5D HATCHBACK','FWD','2511mm'),(14948,105,2006,34790,'2.0L','DIESEL TURBO F/INJ','55L','103Kw',5,'6ADSG','5D HATCHBACK','FWD','2578mm'),(14949,106,2000,25990,'1.6L','MULTI POINT F/INJ','55L','74Kw',5,'5M','5D HATCHBACK','FWD','2511mm'),(14950,107,2005,25490,'1.6L','MULTI POINT F/INJ','55L','75Kw',5,'5M','5D HATCHBACK','FWD','2578mm'),(14960,108,2006,44990,'2.0L','TURBO MPFI','70L','147Kw',5,'6ATip','4D SEDAN','FWD','2709mm'),(14961,109,2005,78600,'2.5L','DIESEL TURBO F/INJ','100L','128Kw',5,'6ATip','4D WAGON','4WD','2855mm'),(14962,110,2006,54990,'3.2L','MULTI POINT F/INJ','70L','184Kw',5,'6ADSG','4D SEDAN','AWD','2709mm'),(14963,111,NULL,NULL,'NULL','NULL','NULL','NULL',NULL,'NULL','NULL','NUL','NULL'),(14964,112,2002,29490,'2.0L','MULTI POINT F/INJ','55L','85Kw',5,'5M','5D HATCHBACK','FWD','2511mm'),(14965,113,2003,59990,'2.8L','MULTI POINT F/INJ','80L','150Kw',8,'4A','4D WAGON','FWD','2920mm'),(14966,114,2004,29490,'2.0L','MULTI POINT F/INJ','55L','85Kw',5,'4A','5D HATCHBACK','FWD','2511mm'),(14967,115,1999,21490,'1.6L','MULTI POINT F/INJ','45L','55Kw',5,'5M','5D HATCHBACK','FWD','2400mm'),(14969,116,1975,3798,'1.6L','CARB','42L','37Kw',4,'4M','2D SEDAN','RWD','2420mm'),(14984,117,1999,61990,'2.0L','MULTI POINT F/INJ','70L','114Kw',4,'5M','2D COUPE','FWD','2540mm'),(14985,118,2002,57500,'2.5L','MULTI POINT F/INJ','63L','140Kw',5,'6M','4D SEDAN','FWD','2595mm'),(14988,119,NULL,NULL,'NULL','NULL','NULL','NULL',NULL,'NULL','NULL','NUL','NULL'),(15000,120,2005,59990,'3.2L','MULTI POINT F/INJ','63L','184Kw',5,'6M','3D HATCHBACK','FWD','2546mm'),(15001,121,1999,49950,'2.0L','MULTI POINT F/INJ','63L','114Kw',5,'5MSel','4D SEDAN','FWD','2595mm'),(15002,122,2003,39500,'2.0L','MULTI POINT F/INJ','60L','110Kw',5,'5M','5D HATCHBACK','FWD','2546mm'),(15003,123,2004,86900,'1.8L','SUPERCHARGED MPFI','70L','120Kw',2,'5ATS','2D CONVERTIBLE','RWD','2430mm'),(15004,124,2002,69474,'2.7L','TURBO CDI','83L','120Kw',5,'5ATS','4D WAGON','4WD','2820mm'),(15005,125,2002,77274,'3.2L','MULTI POINT F/INJ','83L','160Kw',5,'5ATS','4D WAGON','4WD','2820mm'),(15006,126,2002,61400,'1.8L','SUPERCHARGED MPFI','70L','105Kw',5,'5ATS','4D SEDAN','RWD','2715mm'),(15007,127,2000,72900,'3.2L','MULTI POINT F/INJ','70L','160Kw',5,'5ATS','4D WAGON','4WD','2820mm'),(15008,128,2000,95380,'2.3L','SUPERCHARGED MPFI','53L','142Kw',2,'5A','2D CONVERTIBLE','RWD','2400mm'),(15009,129,2004,99900,'5.0L','MULTI POINT F/INJ','83L','215Kw',5,'5ATS','4D WAGON','4WD','2820mm'),(15010,130,1991,124500,'3.0L','ELECTRONIC F/INJ','70L','135Kw',7,'4A','4D WAGON','RWD','2800mm'),(15011,131,2000,64580,'2.0L','MULTI POINT F/INJ','62L','100Kw',5,'5A','4D SEDAN','RWD','2690mm'),(15020,132,1982,55979,'2.7L','ELECTRONIC F/INJ','90L','125Kw',5,'4A','4D SEDAN','RWD','2935mm'),(15021,133,NULL,NULL,'NULL','NULL','NULL','NULL',NULL,'NULL','NULL','NUL','NULL'),(15022,134,1999,73400,'3.2L','MULTI POINT F/INJ','70L','160Kw',5,'5ATS','4D WAGON','4WD','2820mm'),(15023,135,2003,77274,'2.7L','TURBO CDI','83L','120Kw',5,'5ATS','4D WAGON','4WD','2820mm'),(15024,136,1999,112400,'2.8L','MULTI POINT F/INJ','80L','150Kw',5,'5ASeq','4D SEDAN','RWD','2833mm'),(15025,137,2005,48380,'2.1L','DIESEL TURBO F/INJ','75L','110Kw',5,'5A','5D VAN','RWD','3200mm'),(15026,138,1993,47115,'1.8L','ELECTRONIC F/INJ','55L','82Kw',5,'4A','4D SEDAN','RWD','2665mm'),(15027,139,1999,41400,'1.6L','MULTI POINT F/INJ','54L','75Kw',5,'5MSeq','5D HATCHBACK','FWD','2423mm'),(15028,140,2001,64900,'2.7L','TURBO CDI','70L','120Kw',5,'5ATS','4D WAGON','4WD','2820mm'),(15029,141,2006,42400,'1.7L','MULTI POINT F/INJ','54L','85Kw',5,'CVT7','5D HATCHBACK','FWD','2568mm'),(15030,142,1986,79296,'3.0L','ELECTRONIC F/INJ','70L','135Kw',5,'4A','4D SEDAN','RWD','2800mm'),(15040,143,1988,87100,'2.3L','ELECTRONIC F/INJ','70L','97Kw',5,'4A','4D SEDAN','RWD','2800mm'),(15041,144,1992,45690,'1.8L','ELECTRONIC F/INJ','55L','82Kw',5,'4A','4D SEDAN','RWD','2665mm'),(15042,145,2006,225600,'5.4L','SUPERCHARGED MPFI','80L','350Kw',5,'5ATSh','4D SEDAN','RWD','2854mm'),(15043,146,1982,68795,'3.8L','ELECTRONIC F/INJ','90L','145Kw',5,'4A','4D SEDAN','RWD','3075mm'),(15044,147,2004,42900,'1.9L','MULTI POINT F/INJ','54L','92Kw',5,'5MSeq','5D HATCHBACK','FWD','2593mm'),(15045,148,1994,47115,'1.8L','ELECTRONIC F/INJ','55L','82Kw',5,'4A','4D SEDAN','RWD','2665mm'),(15046,149,2001,41230,'1.9L','MULTI POINT F/INJ','54L','92Kw',5,'5MSeq','5D HATCHBACK','FWD','2423mm'),(15047,150,2000,111580,'2.3L','SUPERCHARGED MPFI','62L','142Kw',4,'5A','2D CABRIOLET','RWD','2690mm'),(15048,151,2000,41230,'1.9L','MULTI POINT F/INJ','54L','92Kw',5,'5MSeq','5D HATCHBACK','FWD','2423mm'),(15049,152,2001,98500,'5.0L','MULTI POINT F/INJ','83L','215Kw',5,'5ATS','4D WAGON','4WD','2820mm'),(15050,153,2002,153900,'5.0L','MULTI POINT F/INJ','89L','225Kw',5,'5ATSh','4D SEDAN','RWD','2854mm'),(15063,154,2002,33990,'2.0L','MULTI POINT F/INJ','50L','124Kw',5,'5M','3D HATCHBACK','FWD','2472mm'),(15066,155,2006,18990,'1.4L','MULTI POINT F/INJ','50L','72Kw',5,'5M','5D HATCHBACK','FWD','2472mm'),(15068,156,2003,37990,'2.0L','MULTI POINT F/INJ','60L','101Kw',5,'4A','5D WAGON','FWD','2580mm'),(15080,157,1995,26790,'1.7L','MULTI POINT F/INJ','55L','68Kw',5,'5M','5D HATCHBACK','FWD','2540mm'),(15081,158,2004,35990,'2.0L','MULTI POINT F/INJ','60L','98Kw',5,'4A','4D SEDAN','FWD','2686mm'),(15082,159,2002,41490,'1.6L','MULTI POINT F/INJ','60L','79Kw',4,'5M','2D CABRIOLET','FWD','2461mm'),(15083,160,2006,56950,'2.4L','MULTI POINT F/INJ','70L','125Kw',5,'5A','4D SEDAN','FWD','2715mm'),(15084,161,2008,47950,'2.4L','DIESEL TURBO F/INJ','60L','132Kw',5,'5AG','4D WAGON','FWD','2640mm'),(15085,162,1989,65900,'2.3L','TURBO EFI','82L','119Kw',5,'4A','4D SEDAN','RWD','2770mm'),(15087,163,1992,45690,'2.4L','ELECTRONIC F/INJ','73L','103Kw',5,'4A','4D SEDAN','FWD','2665mm'),(15088,164,2005,64450,'2.5L','TURBO MPFI','70L','154Kw',5,'5AG','4D WAGON','AWD','2761mm'),(15089,165,2007,47950,'2.4L','MULTI POINT F/INJ','62L','125Kw',5,'5AG','4D WAGON','FWD','2640mm'),(15100,166,2003,47950,'1.9L','MULTI POINT F/INJ','60L','100Kw',5,'5A','4D SEDAN','FWD','2562mm'),(15101,167,2001,47950,'1.9L','MULTI POINT F/INJ','60L','100Kw',5,'5A','4D SEDAN','FWD','2562mm'),(15102,168,1994,47950,'2.4L','ELECTRONIC F/INJ','73L','103Kw',5,'4A','4D SEDAN','FWD','2665mm'),(15103,169,2001,98950,'2.8L','TWIN TURBO MPFI','80L','200Kw',5,'4AG','4D SEDAN','RWD','2791mm'),(15104,170,1997,59950,'2.4L','MULTI POINT F/INJ','73L','125Kw',5,'4A','5D WAGON','FWD','2665mm'),(15105,171,1997,45950,'1.9L','MULTI POINT F/INJ','60L','103Kw',5,'4A','5D WAGON','FWD','2550mm'),(15106,172,1997,44950,'1.9L','MULTI POINT F/INJ','60L','103Kw',5,'4A','4D SEDAN','FWD','2550mm'),(15107,173,2006,69950,'2.5L','TURBO MPFI','72L','154Kw',7,'5AG','4D WAGON','AWD','2857mm'),(15108,174,1998,53450,'1.9L','TURBO MPFI','60L','147Kw',5,'5M','4D SEDAN','FWD','2550mm'),(15109,175,1994,40950,'2.0L','ELECTRONIC F/INJ','60L','80Kw',5,'4A','4D HATCHBACK','FWD','2503mm'),(15110,176,1979,11220,'2.1L','FUEL INJECTED','60L','91Kw',5,'3A','4D SEDAN','RWD','2640mm'),(15119,177,1996,45500,'2.0L','ELECTRONIC F/INJ','60L','80Kw',5,'4A','4D HATCHBACK','FWD','2503mm'),(15121,178,2006,54950,'2.5L','TURBO MPFI','57L','162Kw',5,'5AG','4D SEDAN','AWD','2640mm'),(15122,179,2002,42990,'2.0L','TURBO MPFI','65L','147Kw',4,'6M','2D COUPE','RWD','2525mm'),(15123,180,1994,38500,'2.0L','TURBO MPFI','65L','147Kw',4,'5M','2D COUPE','RWD','2525mm'),(15124,181,1996,44510,'2.0L','TURBO MPFI','65L','147Kw',4,'5M','2D COUPE','RWD','2525mm'),(15125,182,2002,40990,'2.0L','TURBO MPFI','65L','147Kw',4,'6M','2D COUPE','RWD','2525mm'),(15126,183,2002,46490,'2.0L','TURBO MPFI','65L','147Kw',4,'6M','2D COUPE','RWD','2525mm'),(15127,184,1998,39990,'2.0L','TURBO MPFI','65L','147Kw',4,'5M','2D COUPE','RWD','2525mm'),(15128,185,2001,40990,'2.0L','TURBO MPFI','65L','147Kw',4,'6M','2D COUPE','RWD','2525mm'),(15129,186,1998,49995,'2.0L','TURBO MPFI','65L','147Kw',4,'5M','2D COUPE','RWD','2525mm'),(15130,187,1990,33750,'1.9L','ELECTRONIC F/INJ','50L','75Kw',5,'5M','3D HATCHBACK','FWD','2420mm'),(15140,188,1997,39995,'2.0L','MULTI POINT F/INJ','70L','100Kw',5,'5M','4D SEDAN','FWD','2700mm'),(15142,189,1993,41995,'2.0L','ELECTRONIC F/INJ','70L','112Kw',5,'5M','4D SEDAN','FWD','2669mm'),(15143,190,2000,29490,'2.0L','MULTI POINT F/INJ','60L','100Kw',5,'5M','5D HATCHBACK','FWD','2580mm'),(15144,191,2001,22990,'1.6L','MULTI POINT F/INJ','50L','67Kw',5,'5M','5D HATCHBACK','FWD','2442mm'),(15145,192,NULL,NULL,'NULL','NULL','NULL','NULL',NULL,'NULL','NULL','NUL','NULL'),(15146,193,2004,29990,'2.0L','MULTI POINT F/INJ','50L','102Kw',5,'5M','3D HATCHBACK','FWD','2442mm'),(15147,194,2004,69550,'2.9L','MULTI POINT F/INJ','70L','157Kw',4,'5M','2D COUPE','FWD','2700mm'),(15148,195,2005,32990,'1.6L','MULTI POINT F/INJ','50L','80Kw',4,'5M','2D CABRIOLET','FWD','2442mm'),(15149,196,2003,31790,'2.0L','MULTI POINT F/INJ','60L','100Kw',5,'5M','5D HATCHBACK','FWD','2608mm'),(15150,197,2002,19990,'1.4L','MULTI POINT F/INJ','50L','55Kw',5,'5M','5D HATCHBACK','FWD','2442mm'),(15160,198,1992,34995,'1.9L','ELECTRONIC F/INJ','70L','80Kw',5,'5M','4D SEDAN','FWD','2669mm'),(15161,199,2006,32290,'2.0L','DIESEL TURBO F/INJ','60L','100Kw',5,'6M','5D HATCHBACK','FWD','2608mm'),(15162,200,2000,22450,'1.6L','MULTI POINT F/INJ','50L','67Kw',5,'5M','5D HATCHBACK','FWD','2442mm'),(15163,201,2005,37990,'2.0L','MULTI POINT F/INJ','60L','130Kw',5,'5M','5D HATCHBACK','FWD','2608mm'),(15165,202,2006,34990,'1.6L','MULTI POINT F/INJ','50L','80Kw',4,'4ATip','2D CABRIOLET','FWD','2442mm'),(15166,203,2004,33990,'2.0L','MULTI POINT F/INJ','60L','100Kw',5,'4ATip','5D HATCHBACK','FWD','2608mm'),(15167,204,2006,22990,'1.6L','MULTI POINT F/INJ','50L','82Kw',5,'5M','5D HATCHBACK','FWD','2442mm'),(15168,205,2004,19990,'1.4L','MULTI POINT F/INJ','50L','55Kw',5,'5M','5D HATCHBACK','FWD','2442mm'),(15169,206,2006,33990,'2.0L','DIESEL TURBO F/INJ','60L','100Kw',5,'6M','4D WAGON','FWD','2708mm'),(15181,207,2003,21990,'1.6L','MULTI POINT F/INJ','50L','82Kw',5,'5M','3D HATCHBACK','FWD','2442mm'),(15184,208,1996,85165,'2.3L','MILLER CYCLE','68L','149Kw',5,'4A','4D SEDAN','FWD','2750mm'),(15186,209,1996,37155,'1.8L','ELECTRONIC F/INJ','50L','99Kw',4,'5M','2D COUPE','FWD','2455mm'),(15199,210,1979,8014,'4.3L','CARB','79L','120Kw',5,'3A','4D SEDAN','RWD','2820mm'),(15200,211,2006,57990,'3.0L','DIESEL TURBO F/INJ','71L','160Kw',5,'5A','4D SEDAN','RWD','3050mm'),(15201,212,2002,52590,'3.3L','MULTI POINT F/INJ','75L','128Kw',7,'4A','4D WAGON','FWD','2787mm'),(15202,213,2005,75990,'3.2L','MULTI POINT F/INJ','60L','160Kw',2,'5ASeq','2D CONVERTIBLE','RWD','2400mm'),(15203,214,1999,48200,'3.3L','MULTI POINT F/INJ','76L','116Kw',7,'4A','4D WAGON','FWD','2878mm'),(15204,215,2005,31990,'2.4L','MULTI POINT F/INJ','57L','105Kw',5,'4A','5D HATCHBACK','FWD','2616mm'),(15205,216,2001,35200,'2.0L','MULTI POINT F/INJ','57L','104Kw',5,'5M','5D HATCHBACK','FWD','2616mm'),(15206,217,NULL,NULL,'NULL','NULL','NULL','NULL',NULL,'NULL','NULL','NUL','NULL'),(15207,218,2006,71990,'6.1L','MULTI POINT F/INJ','71L','317Kw',5,'5A','4D SEDAN','RWD','3050mm'),(15208,219,2004,59090,'3.3L','MULTI POINT F/INJ','75L','128Kw',7,'4A','4D WAGON','FWD','3030mm'),(15209,220,1997,24880,'2.0L','ELECTRONIC F/INJ','47L','98Kw',5,'3A','4D SEDAN','FWD','2642mm'),(15210,221,2004,32490,'2.0L','MULTI POINT F/INJ','57L','104Kw',5,'4A','5D HATCHBACK','FWD','2616mm'),(15220,222,2004,62980,'3.3L','MULTI POINT F/INJ','75L','128Kw',7,'4A','4D WAGON','FWD','3030mm'),(15221,223,2004,38490,'2.0L','MULTI POINT F/INJ','57L','104Kw',5,'4A','5D HATCHBACK','FWD','2616mm'),(15222,224,2001,46900,'3.3L','MULTI POINT F/INJ','76L','116Kw',7,'4A','4D WAGON','FWD','2878mm'),(15223,225,1999,20990,'1.6L','MULTI POINT F/INJ','55L','78Kw',5,'5M','4D SEDAN','FWD','2610mm'),(15224,226,1997,35700,'2.0L','MULTI POINT F/INJ','55L','104Kw',5,'5M','5D HATCHBACK','FWD','2605mm'),(15225,227,2001,20490,'1.6L','MULTI POINT F/INJ','55L','78Kw',5,'5M','5D HATCHBACK','FWD','2605mm'),(15226,228,1983,8835,'1.5L','CARB','45L','54Kw',4,'5M','4D WAGON','RWD','2315mm'),(15227,229,2000,19715,'1.6L','MULTI POINT F/INJ','55L','78Kw',5,'5M','4D SEDAN','FWD','2610mm'),(15228,230,1997,22915,'1.8L','MULTI POINT F/INJ','55L','92Kw',5,'5M','4D SEDAN','FWD','2605mm'),(15229,231,1995,31050,'1.8L','MULTI POINT F/INJ','55L','92Kw',5,'4A','5D HATCHBACK','FWD','2605mm'),(15230,232,1998,22915,'1.8L','MULTI POINT F/INJ','55L','92Kw',5,'5M','4D SEDAN','FWD','2605mm'),(15240,233,2000,19715,'1.6L','MULTI POINT F/INJ','55L','78Kw',5,'5M','4D SEDAN','FWD','2610mm'),(15241,234,1993,25715,'1.8L','MULTI POINT F/INJ','55L','76Kw',5,'5M','5D HATCHBACK','FWD','2500mm'),(15242,235,2000,19715,'1.6L','MULTI POINT F/INJ','55L','78Kw',5,'5M','5D HATCHBACK','FWD','2605mm'),(15243,236,1996,38270,'2.0L','MULTI POINT F/INJ','55L','104Kw',5,'5M','5D HATCHBACK','FWD','2605mm'),(15244,237,1998,28480,'1.8L','MULTI POINT F/INJ','55L','92Kw',5,'4A','5D HATCHBACK','FWD','2605mm'),(15245,238,1989,20210,'1.6L','MULTI POINT F/INJ','48L','61Kw',5,'4A','5D HATCHBACK','FWD','2400mm'),(15246,239,2003,21840,'1.8L','MULTI POINT F/INJ','55L','92Kw',5,'4A','4D SEDAN','FWD','2610mm'),(15247,240,2003,21840,'1.8L','MULTI POINT F/INJ','55L','92Kw',5,'4A','5D HATCHBACK','FWD','2610mm'),(15248,241,1988,19390,'1.6L','CARB','48L','53Kw',5,'3A','5D HATCHBACK','FWD','2400mm'),(15249,242,1998,26990,'1.8L','MULTI POINT F/INJ','55L','92Kw',5,'5M','5D HATCHBACK','FWD','2605mm'),(15250,243,1994,30085,'1.8L','MULTI POINT F/INJ','55L','92Kw',5,'5M','5D HATCHBACK','FWD','2500mm'),(15259,244,1985,15826,'1.6L','MULTI POINT F/INJ','45L','61Kw',5,'5M','5D HATCHBACK','FWD','2400mm'),(15260,245,2002,29180,'2.0L','MULTI POINT F/INJ','55L','98Kw',5,'5M','5D HATCHBACK','FWD','2610mm'),(15261,246,2002,20695,'1.6L','MULTI POINT F/INJ','55L','78Kw',5,'5M','4D SEDAN','FWD','2605mm'),(15263,247,2003,19990,'1.8L','MULTI POINT F/INJ','55L','92Kw',5,'5M','4D SEDAN','FWD','2610mm'),(15264,248,2002,26990,'2.0L','MULTI POINT F/INJ','55L','98Kw',5,'5M','4D SEDAN','FWD','2610mm'),(15280,249,2005,35990,'3.8L','MULTI POINT F/INJ','67L','175Kw',5,'5ASPM','4D SEDAN','FWD','2750mm'),(15282,250,1989,28200,'2.4L','CARB','65L','75Kw',5,'5M4x4','4D WAGON','4WD','2625mm'),(15284,251,1992,36954,'3.0L','ELECTRONIC F/INJ','65L','105Kw',5,'4A4x4','4D WAGON','4WD','2625mm'),(15297,252,2000,31070,'2.0L','MULTI POINT F/INJ','64L','93Kw',5,'5M','5D HATCHBACK','FWD','2610mm'),(15300,253,2002,31980,'2.0L','MULTI POINT F/INJ','64L','93Kw',5,'4A','4D SEDAN','FWD','2610mm'),(15301,254,1999,37290,'2.0L','MULTI POINT F/INJ','64L','93Kw',5,'4A','5D HATCHBACK','FWD','2610mm'),(15302,255,1994,31335,'2.0L','MULTI POINT F/INJ','60L','85Kw',5,'4A','4D SEDAN','FWD','2610mm'),(15303,256,1998,30180,'2.0L','MULTI POINT F/INJ','64L','93Kw',5,'5M','4D SEDAN','FWD','2610mm'),(15304,257,1999,32430,'2.0L','MULTI POINT F/INJ','64L','93Kw',5,'4A','4D SEDAN','FWD','2610mm'),(15305,258,2001,32900,'2.0L','MULTI POINT F/INJ','64L','93Kw',5,'4A','5D HATCHBACK','FWD','2610mm'),(15306,259,2000,30160,'2.0L','MULTI POINT F/INJ','64L','93Kw',5,'5M','4D SEDAN','FWD','2610mm'),(15307,260,2002,50650,'2.0L','MULTI POINT F/INJ','70L','96Kw',5,'CVTM','4D SEDAN','FWD','2650mm'),(15308,261,2005,47750,'2.0L','DIESEL TURBO F/INJ','55L','103Kw',5,'6ADSG','5D HATCHBACK','FWD','2578mm'),(15309,262,1990,42245,'2.3L','ELECTRONIC F/INJ','68L','100Kw',5,'5M','4D SEDAN','FWD','2546mm'),(15310,263,2007,50450,'2.0L','MULTI POINT F/INJ','70L','96Kw',5,'CVTM','4D SEDAN','FWD','2648mm'),(15316,264,1999,73000,'1.8L','TURBO MPFI','55L','132Kw',4,'5M','2D COUPE','FWD','2419mm'),(15317,265,1996,51320,'1.8L','MULTI POINT F/INJ','60L','92Kw',5,'4A','4D SEDAN','FWD','2617mm'),(15321,266,2003,54250,'2.0L','MULTI POINT F/INJ','70L','96Kw',5,'CVTM6','4D WAGON','FWD','2650mm'),(15322,267,2001,99250,'2.7L','TWIN TURBO MPFI','70L','184Kw',5,'5ATip','4D WAGON','AWD','2760mm'),(15323,268,2003,35400,'1.6L','MULTI POINT F/INJ','55L','75Kw',5,'5M','5D HATCHBACK','FWD','2512mm'),(15324,269,2000,65850,'1.8L','TURBO MPFI','62L','154Kw',5,'6M','3D HATCHBACK','AWD','2519mm'),(15325,270,2006,47750,'2.0L','DIESEL TURBO F/INJ','55L','103Kw',5,'6ADSG','5D HATCHBACK','FWD','2578mm'),(15326,271,1999,42450,'1.8L','MULTI POINT F/INJ','55L','92Kw',5,'4A','3D HATCHBACK','FWD','2512mm'),(15327,272,2004,44950,'1.8L','TURBO MPFI','55L','110Kw',5,'5M','5D HATCHBACK','FWD','2512mm'),(15328,273,2004,92500,'1.8L','TURBO MPFI','62L','165Kw',2,'6M','2D ROADSTER','AWD','2429mm'),(15329,274,2002,38700,'1.8L','MULTI POINT F/INJ','55L','92Kw',5,'5M','5D HATCHBACK','FWD','2512mm'),(15330,275,2003,80900,'2.4L','MULTI POINT F/INJ','70L','125Kw',5,'CVTM6','4D SEDAN','FWD','2749mm'),(15340,276,2007,53400,'1.9L','TURBO MPFI','58L','110Kw',5,'5A','4D WAGON','FWD','2675mm'),(15341,277,2000,67986,'2.3L','TURBO MPFI','75L','125Kw',5,'4A','4D SEDAN','FWD','2703mm'),(15342,278,2004,56400,'2.0L','TURBO MPFI','62L','129Kw',5,'5A','4D SEDAN','FWD','2675mm'),(15343,279,2002,64575,'2.0L','TURBO MPFI','68L','151Kw',5,'4A','5D HATCHBACK','FWD','2605mm'),(15344,280,2004,84900,'2.3L','TURBO MPFI','75L','184Kw',5,'5AST','4D SEDAN','FWD','2703mm'),(15345,281,1996,63900,'2.5L','MULTI POINT F/INJ','68L','125Kw',5,'4A','5D HATCHBACK','FWD','2600mm'),(15346,282,2003,73000,'2.0L','TURBO MPFI','68L','110Kw',5,'4A','2D CONVERTIBLE','FWD','2605mm'),(15347,283,1998,54900,'2.3L','TURBO EFI','66L','125Kw',5,'4A','4D HATCHBACK','FWD','2672mm'),(15348,284,1994,45900,'2.5L','MULTI POINT F/INJ','68L','125Kw',5,'5M','5D HATCHBACK','FWD','2600mm'),(15349,285,2001,64000,'2.3L','TURBO MPFI','75L','136Kw',5,'4A','4D SEDAN','FWD','2703mm'),(15350,286,2005,93000,'2.0L','TURBO MPFI','62L','155Kw',4,'5ASEN','2D CONVERTIBLE','FWD','2675mm'),(15357,287,1994,79200,'2.3L','TURBO EFI','66L','147Kw',5,'4A','4D HATCHBACK','FWD','2672mm'),(15360,288,2000,80887,'2.0L','TURBO MPFI','64L','158Kw',5,'5M','2D CONVERTIBLE','FWD','2605mm'),(15361,289,2001,63885,'2.0L','TURBO MPFI','68L','113Kw',4,'5M','2D CONVERTIBLE','FWD','2605mm'),(15362,290,2004,67900,'2.0L','TURBO MPFI','62L','155Kw',5,'6M','4D SEDAN','FWD','2675mm'),(15363,291,1997,52000,'2.3L','TURBO EFI','66L','125Kw',5,'4A','4D HATCHBACK','FWD','2672mm'),(15364,292,1996,50400,'2.3L','TURBO EFI','66L','125Kw',5,'4A','4D HATCHBACK','FWD','2672mm'),(15365,293,2000,65985,'2.0L','TURBO MPFI','68L','113Kw',4,'4A','2D CONVERTIBLE','FWD','2605mm'),(15366,294,1999,62000,'2.0L','TURBO MPFI','68L','136Kw',5,'4A','5D SEDAN','FWD','2605mm'),(15367,295,1993,46990,'2.3L','ELECTRONIC F/INJ','66L','108Kw',5,'4A','4D SEDAN','FWD','2672mm'),(15368,296,1987,23010,'2.0L','MULTI POINT F/INJ','60L','70Kw',5,'5M','4D SEDAN','RWD','2615mm'),(15369,297,1986,29600,'2.0L','MULTI POINT F/INJ','60L','70Kw',5,'4A','2D HARDTOP','RWD','2615mm'),(15400,298,2005,29990,'2.4L','MULTI POINT F/INJ','65L','118Kw',5,'5A','4D SEDAN','FWD','2740mm');
/*!40000 ALTER TABLE `car` ENABLE KEYS */;
UNLOCK TABLES;

--
-- Table structure for table `customer`
--

DROP TABLE IF EXISTS `customer`;
/*!40101 SET @saved_cs_client     = @@character_set_client */;
/*!40101 SET character_set_client = utf8 */;
CREATE TABLE `customer` (
  `Customer_ID` int(11) NOT NULL,
  `Customer_Name` varchar(25) CHARACTER SET utf8mb4 NOT NULL,
  `Customer_Phone` varchar(30) CHARACTER SET utf8mb4 NOT NULL,
  `Customer_Address` varchar(35) CHARACTER SET utf8mb4 NOT NULL,
  `Customer_Birthday` date NOT NULL,
  `Customer_Occupation` varchar(20) CHARACTER SET utf8mb4 NOT NULL,
  `Customer_Gender` char(1) CHARACTER SET utf8mb4 NOT NULL,
  PRIMARY KEY (`Customer_ID`)
) ENGINE=InnoDB DEFAULT CHARSET=utf8;
/*!40101 SET character_set_client = @saved_cs_client */;

--
-- Dumping data for table `customer`
--

LOCK TABLES `customer` WRITE;
/*!40000 ALTER TABLE `customer` DISABLE KEYS */;
INSERT INTO `customer` VALUES (11010,'Jacquelyn S','1 (11) 500 555-016*','7800 Corrinne Court','1968-02-06','Labour','M'),(11011,'Curtis L','1 (11) 500 555-011*','1224 Shoenic','1967-11-04','Labour','M'),(11012,'Lauren W','717-555-016*','4785 Scott Street','1972-01-18','Labour','F'),(11013,'Ian J','817-555-018*','7902 Hudson Ave.','1972-08-06','Labour','M'),(11014,'Sydney B','431-555-015*','9011 Tank Drive','1972-05-09','Labour','M'),(11015,'Chloe Y','208-555-014*','244 Willow Pass Road','1983-02-27','Labour','F'),(11016,'Wyatt H','135-555-017*','9666 Northridge Ct.','1983-04-28','Labour','M'),(11017,'Shannon W','1 (11) 500 555-019*','7330 Saddlehill Lane','1948-06-26','Labour','M'),(11018,'Clarence R','1 (11) 500 555-013*','244 Rivewview','1948-10-09','Labour','F'),(11019,'Luke L','262-555-011*','7832 Landing Dr','1982-03-07','Labour','M'),(11050,'Alan Z','1 (11) 500 555-013*','2741 Gainborough Dr.','1955-09-07','Labour','F'),(11051,'Daniel J','1 (11) 500 555-015*','8085 Sunnyvale Avenue','1955-08-04','Labour','F'),(11052,'Heidi L','1 (11) 500 555-016*','2514 Via Cordona','1955-08-07','Labour','F'),(11053,'Ana P','859-555-011*','1660 Stonyhill Circle','1984-08-20','Labour','M'),(11054,'Deanna M','1 (11) 500 555-019*','5825 B Way','1956-03-10','Labour','M'),(11055,'Gilbert R','1 (11) 500 555-012*','8811 The Trees Dr.','1956-03-05','Labour','F'),(11056,'Michele N','1 (11) 500 555-017*','5464 Janin Pl.','1957-04-03','Labour','M'),(11057,'Carl A','1 (11) 500 555-018*','6930 Lake Nadine Place','1957-10-12','Labour','F'),(11058,'Marc D','1 (11) 500 555-014*','6645 Sinaloa','1958-04-27','Labour','F'),(11059,'Ashlee A','1 (11) 500 555-011*','8255 Highland Road','1958-04-01','Labour','F'),(11111,'Meredith G','1 (11) 500 555-017*','7610 Northridge Ct.','1966-02-23','Labour','M'),(11112,'Crystal W','1 (11) 500 555-013*','2773 Kirkwood Dr','1966-09-09','Labour','F'),(11113,'Micheal B','1 (11) 500 555-013*','596 Marfargoa Drive','1966-02-21','Labour','M'),(11114,'Leslie M','1 (11) 500 555-011*','7941 Cristobal','1966-05-28','Labour','M'),(11115,'Alvin C','1 (11) 500 555-019*','7759 Azalea Avenue','1966-02-12','Labour','M'),(11116,'Clinton C','1 (11) 500 555-018*','7943 Cunha Ct.','1966-10-07','Labour','M'),(11117,'April D','1 (11) 500 555-018*','485 Ash Lane','1965-02-21','Labour','F'),(11119,'Evan J','1 (11) 500 555-018*','4157 Sierra Ridge','1939-04-10','Retiree','F'),(11150,'Russell S','1 (11) 500 555-019*','4755 Easley Drive','1945-03-15','Retiree','F'),(11151,'Melinda G','1 (11) 500 555-011*','805 Rainier Dr.','1946-02-25','Labour','F'),(11152,'James W','355-555-015*','6827 Seagull Court','1980-01-10','Labour','F'),(11153,'Angela J','847-555-011*','8877 Weatherly Drive','1980-06-23','Labour','F'),(11154,'Megan W','918-555-018*','6898 Holiday Hills','1980-08-21','Labour','F'),(11155,'Hunter R','891-555-012*','8356 Mori Court','1980-01-26','Labour','F'),(11156,'Maria R','158-555-019*','9452 Mariposa Ct.','1980-02-07','Labour','M'),(11157,'Hannah L','974-555-017*','1832 Preston Ct.','1979-06-11','Labour','M'),(11158,'Jason W','694-555-017*','6771 Bundros Court','1979-10-08','Labour','F'),(11159,'Brianna H','319-555-018*','6793 Bonifacio St.','1979-09-17','Labour','F'),(11210,'Edward W','229-555-011*','1039 Adelaide St.','1952-06-08','Researcher','M'),(11213,'Stephanie M','293-555-015*','5514 Grant Street','1953-05-14','Researcher','M'),(11214,'Charles M','389-555-011*','2719 Little Dr','1953-11-07','Researcher','F'),(11215,'Ana P','446-555-013*','3114 Arlington Way','1954-06-21','Researcher','M'),(11216,'Jasmine T','939-555-013*','8328 San Francisco','1954-05-20','Researcher','F'),(11217,'Natalie A','300-555-015*','6592 Bent Tree Lane','1954-02-11','Researcher','F'),(11218,'Olivia B','414-555-014*','3964 Stony Hill Circle','1954-09-11','Researcher','M'),(11219,'Charles C','755-555-011*','6871 Bel Air Dr.','1954-12-02','Researcher','F'),(11250,'Shannon L','1 (11) 500 555-011*','4185 Keywood Ct.','1959-03-12','Manager','F'),(11251,'Xavier L','243-555-011*','9245 Dantley Way','1936-07-04','Retiree','M'),(11252,'Nicholas T','377-555-014*','504 O St.','1936-06-07','Retiree','M'),(11253,'José H','712-555-013*','5703 Donald Dr.','1937-02-28','Retiree','M'),(11254,'Johnathan V','494-555-016*','9430 Versailles Pl','1937-03-03','Retiree','M'),(11255,'Colin L','599-555-013*','6083 San Jose','1937-04-04','Retiree','F'),(11256,'Katelyn H','249-555-011*','7496 Deerfield Dr.','1937-09-20','Retiree','M'),(11257,'Jacqueline P','796-555-011*','4076 Northwood Dr','1937-01-06','Retiree','F'),(11258,'Xavier H','559-555-014*','2707 Virgil Street','1937-06-28','Retiree','F'),(11259,'Victoria S','230-555-013*','3623 Barquentine Court','1969-03-27','Manager','M'),(11310,'Erin S','233-555-016*','7541 Black Point Pl','1957-07-09','Manager','M'),(11311,'Gabrielle L','783-555-017*','8619 Parkside Dr.','1957-08-24','Manager','F'),(11312,'Sara R','296-555-017*','7375 Kipling Court','1957-04-03','Manager','M'),(11313,'Trevor J','120-555-012*','4697 Yosemite Dr.','1957-02-27','Manager','F'),(11314,'Mya F','522-555-014*','8439 Rio Grande Drive','1957-12-21','Manager','F'),(11315,'Hailey W','767-555-015*','6321 Maya','1957-10-01','Manager','F'),(11316,'Luke A','786-555-013*','419 Deermeadow Way','1957-11-17','Manager','F'),(11317,'Victoria R','663-555-019*','9268 Keller Ridge','1956-09-17','Manager','M'),(11318,'Jessica W','702-555-018*','1652 Willcrest Circle','1956-10-26','Manager','M'),(11319,'Jade B','819-555-016*','8119 Northridge Ct','1941-04-27','Retiree','F'),(11350,'Cara Z','1 (11) 500 555-011*','7280 Greendell Pl','1941-01-14','Retiree','M'),(11351,'Anne R','1 (11) 500 555-014*','7113 Eastgate Ave.','1943-04-06','Retiree','M'),(11352,'Raymond R','1 (11) 500 555-013*','24, impasse Ste-Madeleine','1944-03-07','Retiree','F'),(11353,'Carrie O','1 (11) 500 555-011*','1883 Cowell Rd.','1945-06-11','Retiree','M'),(11354,'Deanna S','1 (11) 500 555-014*','Dunckerstr 22525','1946-02-23','Manager','M'),(11355,'Roberto G','1 (11) 500 555-012*','3545 Chickpea Ct.','1946-12-28','Manager','M'),(11356,'Terrence C','1 (11) 500 555-018*','6613 Thornhill Place','1984-05-27','Manager','F'),(11357,'Ramon Y','1 (11) 500 555-014*','3245 Vista Oak Dr.','1983-03-23','Manager','M'),(11358,'Cynthia M','1 (11) 500 555-018*','6757 Pamplona Ct.','1982-11-11','Manager','F'),(11359,'Jarrod P','1 (11) 500 555-015*','7657 H St.','1982-09-04','Manager','M'),(11410,'Maurice G','1 (11) 500 555-017*','15, avenue de la Gare','1972-08-25','Manager','M'),(11411,'Devin R','1 (11) 500 555-017*','Postenweg 2428','1958-02-12','Manager','M'),(11412,'Sydney B','1 (11) 500 555-015*','Postfach 99 92 92','1958-04-09','Manager','M'),(11413,'Megan S','1 (11) 500 555-011*','8192 Seagull Court','1958-04-15','Manager','F'),(11414,'Ian R','1 (11) 500 555-011*','726 W. Buchanan Rd.','1958-03-18','Manager','M'),(11415,'Randy S','1 (11) 500 555-014*','Ro?str 5538','1948-06-05','Manager','M'),(11416,'Katrina B','1 (11) 500 555-015*','8205, rue Malar','1949-03-19','Manager','F'),(11417,'Lacey Z','1 (11) 500 555-017*','4, rue de Linois','1949-02-26','Manager','F'),(11418,'Rafael H','1 (11) 500 555-015*','Zeiter Weg 7765','1949-02-09','Manager','M'),(11419,'Kyle S','1 (11) 500 555-017*','9381 Alpine Rd.','1949-02-18','Manager','M'),(11459,'Tasha D','1 (11) 500 555-017*','9627 Kendall Rd','1976-10-13','Nurse','M'),(11510,'Seth R','199-555-014*','5989 Concord Ave','1957-07-13','Nurse','M'),(11511,'Caleb P','786-555-013*','2324 Cherry Street','1957-06-14','Nurse','F'),(11512,'Natalie C','178-555-014*','3481 Broadmoor Drive','1958-08-13','Nurse','M'),(11513,'Alyssa H','805-555-018*','5780 Conifer Terrace','1958-09-27','Nurse','M'),(11514,'Dalton D','994-555-015*','8033 Danesta Dr.','1958-04-20','Nurse','F'),(11515,'Shannon H','458-555-011*','4679 Duke Way','1958-02-25','Nurse','F'),(11516,'Mya G','211-555-011*','8826 Fine Drive','1958-10-21','Nurse','F'),(11517,'Katherine B','802-555-013*','8761 Dancing Court','1958-06-20','Nurse','F'),(11518,'Edward W','446-555-017*','2747 Carmel Dr.','1959-05-10','Nurse','F'),(11519,'Jerome N','934-555-019*','9537 Ridgewood Drive','1959-03-17','Nurse','M'),(11550,'Deb T','1 (11) 500 555-012*','7553 Harness Circle','1972-08-08','Nurse','M'),(11551,'Shannon A','1 (11) 500 555-015*','268, avenue de l?Europe','1971-05-25','Nurse','F'),(11552,'Eddie R','1 (11) 500 555-015*','Heiderplatz 662','1971-05-27','Nurse','M'),(11553,'Sharon L','1 (11) 500 555-011*','6804 Coldwater Drive','1971-09-09','Nurse','F'),(11554,'Sydney S','1 (11) 500 555-019*','88, avenue de l? Union Centrale','1930-09-28','Retiree','F'),(11555,'Alexandria H','1 (11) 500 555-018*','11, rue de la Cavalerie','1930-07-08','Retiree','M'),(11556,'Lucas E','1 (11) 500 555-015*','3663 A St.','1971-05-14','Nurse','M'),(11557,'Felicia R','1 (11) 500 555-019*','9557 Steven Circle','1971-01-15','Nurse','M'),(11558,'Ivan M','1 (11) 500 555-019*','5086 Nottingham Place','1971-08-22','Nurse','M'),(11559,'Frederick S','1 (11) 500 555-011*','Rotth?user Weg 636','1971-12-16','Nurse','M');
/*!40000 ALTER TABLE `customer` ENABLE KEYS */;
UNLOCK TABLES;

--
-- Table structure for table `location`
--

DROP TABLE IF EXISTS `location`;
/*!40101 SET @saved_cs_client     = @@character_set_client */;
/*!40101 SET character_set_client = utf8 */;
CREATE TABLE `location` (
  `Location_ID` int(11) NOT NULL,
  `Store_State` varchar(20) CHARACTER SET utf8mb4 DEFAULT NULL,
  `Store_City` varchar(20) CHARACTER SET utf8mb4 DEFAULT NULL,
  `Store_Address` varchar(30) CHARACTER SET utf8mb4 DEFAULT NULL,
  'Postcode' int(4) DEFAULT NULL,
  PRIMARY KEY (`Location_ID`)
) ENGINE=InnoDB DEFAULT CHARSET=utf8;
/*!40101 SET character_set_client = @saved_cs_client */;

--
-- Dumping data for table `location`
--

LOCK TABLES `location` WRITE;
/*!40000 ALTER TABLE `location` DISABLE KEYS */;
INSERT INTO `location` VALUES (1,'New South Wales','Alexandria          ','3761 N. 14th St',2015),(2,'New South Wales','Coffs Harbour       ','2243 W St.',2450),(3,'New South Wales','Darlinghurst        ','5844 Linden Land',2010),(4,'New South Wales','Goulburn            ','1825 Village Pl.',2580),(5,'New South Wales','Lane Cove           ','7553 Harness Circle',2066),(6,'New South Wales','Lavender Bay        ','7305 Humphrey Drive',2060),(7,'New South Wales','Malabar             ','2612 Berry Dr',2036),(8,'New South Wales','Matraville          ','942 Brook Street',2036),(9,'New South Wales','Milsons Point       ','624 Peabody Road',2061),(10,'New South Wales','Newcastle           ','3839 Northgate Road',2300),(11,'New South Wales','North Ryde          ','7800 Corrinne Court',2113),(12,'New South Wales','North Sydney        ','1224 Shoenic',2060),(13,'New South Wales','Port Macquarie      ','4785 Scott Street',2444),(14,'New South Wales','Rhodes              ','7902 Hudson Ave.',2138),(15,'New South Wales','Silverwater         ','9011 Tank Drive',2128),(16,'New South Wales','Springwood          ','244 Willow Pass Road',2777),(17,'New South Wales','St. Leonards        ','9666 Northridge Ct.',2065),(18,'New South Wales','Sydney              ','7330 Saddlehill Lane',2000),(19,'New South Wales','Wollongong          ','244 Rivewview',2500),(20,'Queensland','Brisbane            ','7832 Landing Dr',4000),(21,'Queensland','Caloundra           ','7156 Rose Dr.',4551),(22,'Queensland','East Brisbane       ','8148 W. Lake Dr.',4169),(23,'Queensland','Gold Coast          ','1769 Nicholas Drive',4217),(24,'Queensland','Hawthorne           ','4499 Valley Crest',4171),(25,'Queensland','Hervey Bay          ','8734 Oxford Place',4655),(26,'Queensland','Rockhampton         ','2596 Franklin Canyon Road',4700),(27,'Queensland','Townsville          ','8211 Leeds Ct.',4810),(28,'South Australia','Cloverdale          ','213 Valencia Place',0),(29,'South Australia','Findon              ','9111 Rose Ann Ave',5023),(30,'South Australia','Perth               ','6385 Mark Twain',0),(31,'Tasmania','Hobart              ','636 Vine Hill Way',7000),(32,'Victoria','Bendigo             ','6465 Detroit Ave.',3550),(33,'Victoria','Cranbourne          ','626 Bentley Street',3977),(34,'Victoria','Geelong             ','5927 Rainbow Dr',3220),(35,'Victoria','Melbourne           ','5167 Condor Place',3000),(36,'Victoria','Melton              ','1873 Mt. Whitney Dr',3337),(37,'Victoria','Seaford             ','3981 Augustine Drive',3198),(38,'Victoria','South Melbourne     ','8915 Woodside Way',3205),(39,'Victoria','Sunbury             ','8357 Sandy Cove Lane',3429),(40,'Victoria','Warrnambool         ','9353 Creekside Dr.',3280);
/*!40000 ALTER TABLE `location` ENABLE KEYS */;
UNLOCK TABLES;

--
-- Table structure for table `make`
--

DROP TABLE IF EXISTS `make`;
/*!40101 SET @saved_cs_client     = @@character_set_client */;
/*!40101 SET character_set_client = utf8 */;
CREATE TABLE `make` (
  `Car_Make_Key` int(11) NOT NULL,
  `Car_Make_Name` varchar(20) CHARACTER SET utf8mb4 DEFAULT NULL,
  `Car_Model` varchar(25) CHARACTER SET utf8mb4 DEFAULT NULL,
  `Car_Series` varchar(30) CHARACTER SET utf8mb4 DEFAULT NULL,
  PRIMARY KEY (`Car_Make_Key`)
) ENGINE=InnoDB DEFAULT CHARSET=utf8;
/*!40101 SET character_set_client = @saved_cs_client */;

--
-- Dumping data for table `make`
--

LOCK TABLES `make` WRITE;
/*!40000 ALTER TABLE `make` DISABLE KEYS */;
INSERT INTO `make` VALUES (1,'LAND ROVER','DISCOVERY 3','HSE'),(2,'LAND ROVER','DISCOVERY','Tdi 4x4'),(3,'LAND ROVER','FREELANDER','XEi 4x4'),(4,'LAND ROVER','DISCOVERY','ES V8 4x4'),(5,'LAND ROVER','DISCOVERY','Tdi 4x4'),(6,'LAND ROVER','DISCOVERY','SERIES II SE 4x4'),(7,'LAND ROVER','(4x4)','SWB'),(8,'LAND ROVER','DISCOVERY','SERIES II S 4x4'),(9,'LAND ROVER','DISCOVERY','SERIES II'),(10,'LAND ROVER','DISCOVERY','S 4x4'),(11,'LAND ROVER','(4x4)','LWB'),(12,'BMW','X5','E53 3.0d'),(13,'BMW','3','E46 18i EXECUTIVE'),(14,'BMW','3','23i'),(15,'BMW','3','E46 30Ci'),(16,'BMW','7','35i EXECUTIVE'),(17,'BMW','5','E60 25i'),(18,'BMW','3','E91 23i TOURING'),(19,'BMW','5','E34 25i EXECUTIVE'),(20,'BMW','3','E36 16i OPEN AIR'),(21,'BMW','3','E90 20i EXECUTIVE'),(22,'BMW','3','E46 30i'),(23,'BMW','X5','E53 3.0i'),(24,'BMW','3','18is'),(25,'BMW','7','35i'),(26,'BMW','3','E46 20i SPORT'),(27,'BMW','3','E46 16ti'),(28,'BMW','1','E87 20i'),(29,'BMW','3','20i'),(30,'BMW','3','E46 20Ci'),(31,'BMW','3','25i'),(32,'BMW','3','E46 18i SPORT'),(33,'BMW','3','E36 28i'),(34,'BMW','5','28i'),(35,'BMW','3','18i'),(36,'BMW','3','18is'),(37,'BMW','3','E46 18i EXECUTIVE'),(38,'BMW','X5','E53 3.0i'),(39,'BMW','1','E87 20d'),(40,'BMW','3','E46 18i EXECUTIVE'),(41,'BMW','X5','E53 3.0i'),(42,'BMW','3','18i'),(43,'BMW','3','23Ci'),(44,'BMW','X5','E53 MY06 UPGRADE 3.0d'),(45,'BMW','3','E46 18i'),(46,'BMW','3','18is'),(47,'BMW','3','E46 16ti'),(48,'BMW','3','18i'),(49,'BMW','3','18i'),(50,'BMW','3','E90 20i'),(51,'BMW','5','E39 23i'),(52,'BMW','5','E39 30i SPORT'),(53,'BMW','5','20i'),(54,'BMW','3','18i'),(55,'BMW','3','E46 18i'),(56,'BMW','3','18i'),(57,'BMW','3','E36 18is SPORT'),(58,'BMW','7','35iL EXECUTIVE'),(59,'NULL','NULL','NULL'),(60,'BMW','5','25i'),(61,'BMW','3','E46 25Ci'),(62,'BMW','3','E46 16ti'),(63,'BMW','X5','E53 3.0d'),(64,'DATSUN','FAIRLADY','SPORTS'),(65,'NULL','NULL','NULL'),(66,'NULL','NULL','NULL'),(67,'DATSUN','180B','SSS'),(68,'MAZDA','121','METRO SHADES'),(69,'MAZDA','121','SHADES'),(70,'MAZDA','121','METRO SHADES'),(71,'MAZDA','121','DELUXE'),(72,'MAZDA','121','METRO SHADES'),(73,'VOLKSWAGEN','TRANSPORTER','T5 MY08 CREWVAN SWB'),(74,'VOLKSWAGEN','JETTA','1KM 2.0 TDI'),(75,'VOLKSWAGEN','TRANSPORTER','T5 SWB'),(76,'VOLKSWAGEN','POLO','9N MY07 UPGRADE CLUB'),(77,'VOLKSWAGEN','JETTA','1KM 2.0 TURBO FSI'),(78,'VOLKSWAGEN','MULTIVAN','T5 HIGHLINE'),(79,'VOLKSWAGEN','JETTA','1KM 2.0 TURBO FSI'),(80,'VOLKSWAGEN','GOLF','1K GTi'),(81,'VOLKSWAGEN','GOLF','GL'),(82,'VOLKSWAGEN','GOLF','1K 1.9 TDI COMFORTLINE'),(83,'VOLKSWAGEN','JETTA','1KM 2.0 FSI'),(84,'VOLKSWAGEN','GOLF','1K GT'),(85,'VOLKSWAGEN','GOLF','GL'),(86,'VOLKSWAGEN','JETTA','1KM 2.0 TDI'),(87,'VOLKSWAGEN','GOLF','1K 2.0 FSI COMFORTLINE'),(88,'VOLKSWAGEN','GOLF','1K 2.0 TDI COMFORTLINE'),(89,'VOLKSWAGEN','PASSAT','3B 1.8T'),(90,'VOLKSWAGEN','GOLF','1K 2.0 FSI SPORTLINE'),(91,'VOLKSWAGEN','GOLF','GLE'),(92,'VOLKSWAGEN','GOLF','GL'),(93,'VOLKSWAGEN','MULTIVAN','T5 COMFORTLINE 4MOTION'),(94,'VOLKSWAGEN','POLO','9N S'),(95,'VOLKSWAGEN','TOUAREG','7L R5 TDi LUXURY'),(96,'VOLKSWAGEN','CADDY','2K LIFE'),(97,'VOLKSWAGEN','GOLF','1K 2.0 TDI COMFORTLINE'),(98,'VOLKSWAGEN','BORA','1J 2.0'),(99,'VOLKSWAGEN','POLO','9N MY06 UPGRADE CLUB'),(100,'VOLKSWAGEN','CADDY','2K 1.9 TDi'),(101,'VOLKSWAGEN','POLO','9N'),(102,'VOLKSWAGEN','GOLF','1.6 GENERATION'),(103,'VOLKSWAGEN','POLO','9N MY07 UPGRADE GTi'),(104,'VOLKSWAGEN','GOLF','GL'),(105,'VOLKSWAGEN','GOLF','1K 2.0 TDI COMFORTLINE'),(106,'VOLKSWAGEN','GOLF','GL'),(107,'VOLKSWAGEN','GOLF','1K 1.6 TRENDLINE'),(108,'VOLKSWAGEN','PASSAT','3C 2.0T FSI'),(109,'VOLKSWAGEN','TOUAREG','7L R5 TDi LUXURY'),(110,'VOLKSWAGEN','PASSAT','3C 3.2 V6 FSI'),(111,'NULL','NULL','NULL'),(112,'VOLKSWAGEN','GOLF','2.0 S'),(113,'VOLKSWAGEN','CARAVELLE','V6'),(114,'VOLKSWAGEN','GOLF','2.0 GENERATION'),(115,'VOLKSWAGEN','POLO','OPEN AIR'),(116,'VOLKSWAGEN','1600','SUPER BUG L'),(117,'ALFA ROMEO','GTV','2'),(118,'ALFA ROMEO','156','V6 24V'),(119,'NULL','NULL','NULL'),(120,'ALFA ROMEO','147','GTA MONZA'),(121,'ALFA ROMEO','156','2.0 SELESPEED TWIN SPARK'),(122,'ALFA ROMEO','147','2.0 TWIN SPARK'),(123,'MERCEDES-BENZ','SLK','R171 200K'),(124,'MERCEDES-BENZ','ML','W163 270 CDI 4x4'),(125,'MERCEDES-BENZ','ML','W163 320 LUXURY 4x4'),(126,'MERCEDES-BENZ','C180','W203 KOMPRESSOR AVANTGARDE'),(127,'MERCEDES-BENZ','ML','320 LUXURY 4x4'),(128,'MERCEDES-BENZ','SLK230','KOMPRESSOR'),(129,'MERCEDES-BENZ','ML','W163 500 LUXURY 4x4'),(130,'MERCEDES-BENZ','300','TE'),(131,'MERCEDES-BENZ','C200','W202 ELEGANCE'),(132,'MERCEDES-BENZ','280','W126 SE'),(133,'NULL','NULL','NULL'),(134,'MERCEDES-BENZ','ML','320 LUXURY 4x4'),(135,'MERCEDES-BENZ','ML','W163 270 CDI LUXURY 4x4'),(136,'MERCEDES-BENZ','E280','W210 ELEGANCE'),(137,'MERCEDES-BENZ','VITO','115CDI COMPACT CREW CAB'),(138,'MERCEDES-BENZ','180','E LIMITED EDITION'),(139,'MERCEDES-BENZ','A160','AVANTGARDE'),(140,'MERCEDES-BENZ','ML','270 CDI 4x4'),(141,'MERCEDES-BENZ','A170','W169 ELEGANCE'),(142,'MERCEDES-BENZ','300','W124 E'),(143,'MERCEDES-BENZ','230','W124 E'),(144,'MERCEDES-BENZ','180','E LIMITED EDITION'),(145,'MERCEDES-BENZ','E55','211 MY06 UPGRADE AMG'),(146,'MERCEDES-BENZ','380','SEL'),(147,'MERCEDES-BENZ','A190','W168 LWB ELEGANCE'),(148,'MERCEDES-BENZ','180','E LIMITED EDITION'),(149,'MERCEDES-BENZ','A190','W168 AVANTGARDE'),(150,'MERCEDES-BENZ','CLK230','KOMP ELEGANCE'),(151,'MERCEDES-BENZ','A190','W168 AVANTGARDE'),(152,'MERCEDES-BENZ','ML','W163 500 LUXURY 4x4'),(153,'MERCEDES-BENZ','E500','211 AVANTGARDE'),(154,'RENAULT','CLIO','SPORT'),(155,'RENAULT','CLIO','CAMPUS'),(156,'RENAULT','SCENIC','PRIVILEGE'),(157,'RENAULT','19','RT'),(158,'RENAULT','MEGANE','PRIVILEGE'),(159,'RENAULT','MEGANE','EXPRESSION'),(160,'VOLVO','S60','05 UPGRADE 2.4 20V SE'),(161,'VOLVO','V50','MY08 D5'),(162,'VOLVO','7','40 TURBO'),(163,'VOLVO','8','50 GLE'),(164,'VOLVO','XC70','05 UPGRADE II LIFESTYLE EDITIO'),(165,'VOLVO','V50','MY07 2.4 LE'),(166,'VOLVO','S40','MY2003 2.0 SE'),(167,'VOLVO','S40','MY2001 2.0 SE'),(168,'VOLVO','8','50 GLE'),(169,'VOLVO','S80','T6 SE'),(170,'VOLVO','8','50 SE'),(171,'VOLVO','V40','2'),(172,'VOLVO','S40','2'),(173,'VOLVO','XC90','MY06 LIFESTYLE EDITION LE'),(174,'VOLVO','S40','T4'),(175,'VOLVO','4','40 GLT'),(176,'VOLVO','2','44 GL'),(177,'VOLVO','4','40 GLT'),(178,'VOLVO','S40','MY06 T5 AWD'),(179,'NISSAN','200','S15 SX SPEC S GT'),(180,'NISSAN','200','SX SPORTS LIMITED'),(181,'NISSAN','200','SX SPORTS'),(182,'NISSAN','200','S15 SX SPEC S'),(183,'NISSAN','200','S15 SX SPEC R GT'),(184,'NISSAN','200','SX SPORTS LIMITED'),(185,'NISSAN','200','S15 SX SPEC S'),(186,'NISSAN','200','SX LUXURY'),(187,'PEUGEOT','205','GTi'),(188,'PEUGEOT','406','D8 ST'),(189,'PEUGEOT','405','Mi16'),(190,'PEUGEOT','306','XT'),(191,'PEUGEOT','206','XT'),(192,'NULL','NULL','NULL'),(193,'PEUGEOT','206','GTi'),(194,'PEUGEOT','406','D9'),(195,'PEUGEOT','206','CC'),(196,'PEUGEOT','307','XSE'),(197,'PEUGEOT','206','XR'),(198,'PEUGEOT','405','D60 SRI'),(199,'PEUGEOT','307','MY06 UPGRADE XSE HDi 2.0'),(200,'PEUGEOT','206','XT'),(201,'PEUGEOT','307','MY06 UPGRADE SPORT 2.0'),(202,'PEUGEOT','206','CC'),(203,'PEUGEOT','307','XSE'),(204,'PEUGEOT','206','C'),(205,'PEUGEOT','206','XR'),(206,'PEUGEOT','307','MY06 UPGRADE XSE HDi 2.0 TOURI'),(207,'PEUGEOT','206','XR'),(208,'EUNOS','800','M'),(209,'EUNOS','30','X SPORT'),(210,'CHRYSLER','VALIANT','CM GLX'),(211,'CHRYSLER','300C','LE MY06 CRD'),(212,'CHRYSLER','VOYAGER','RG SE'),(213,'CHRYSLER','CROSSFIRE','ZH ROADSTER'),(214,'CHRYSLER','VOYAGER','GS SE'),(215,'CHRYSLER','PT CRUISER','MY06 CLASSIC'),(216,'CHRYSLER','PT CRUISER','CLASSIC'),(217,'NULL','NULL','NULL'),(218,'CHRYSLER','300C','LE MY06 SRT8'),(219,'CHRYSLER','GRAND VOYAGER','RG SE'),(220,'CHRYSLER','NEON','SE'),(221,'CHRYSLER','PT CRUISER','CLASSIC'),(222,'CHRYSLER','VOYAGER','RG 05 UPGRADE LX'),(223,'CHRYSLER','PT CRUISER','LIMITED'),(224,'CHRYSLER','VOYAGER','GS SE'),(225,'MAZDA','323','PROTEGE'),(226,'MAZDA','323','ASTINA'),(227,'MAZDA','323','ASTINA SHADES'),(228,'MAZDA','323','DELUXE'),(229,'MAZDA','323','PROTEGE SHADES'),(230,'MAZDA','323','PROTEGE'),(231,'MAZDA','323','ASTINA'),(232,'MAZDA','323','PROTEGE'),(233,'MAZDA','323','PROTEGE'),(234,'MAZDA','323','ASTINA'),(235,'MAZDA','323','ASTINA SHADES'),(236,'MAZDA','323','ASTINA'),(237,'MAZDA','323','ASTINA'),(238,'MAZDA','323','SUPER DELUXE'),(239,'MAZDA','323','PROTEGE'),(240,'MAZDA','323','ASTINA'),(241,'MAZDA','323','SUPER DELUXE'),(242,'MAZDA','323','ASTINA SHADES'),(243,'MAZDA','323','ASTINA SP'),(244,'MAZDA','323','LIMITED'),(245,'MAZDA','323','ASTINA SP20'),(246,'MAZDA','323','PROTEGE SHADES'),(247,'MAZDA','323','BJ PROTEGE SHADES'),(248,'MAZDA','323','PROTEGE SP20'),(249,'MITSUBISHI','380','DB'),(250,'TOYOTA','4 RUNNER','DELUXE 4x4'),(251,'TOYOTA','4 RUNNER','RV6 4x4'),(252,'MAZDA','626','CLASSIC'),(253,'MAZDA','626','ECLIPSE'),(254,'MAZDA','626','LUXURY'),(255,'MAZDA','626','DELUXE'),(256,'MAZDA','626','CLASSIC'),(257,'MAZDA','626','CLASSIC'),(258,'MAZDA','626','CLASSIC'),(259,'MAZDA','626','LIMITED EDITION'),(260,'AUDI','A4','B6 2.0'),(261,'AUDI','A3','8P SPORTBACK 2.0 TDI AMBITION '),(262,'AUDI','90','SPORT'),(263,'AUDI','A4','B7 2.0'),(264,'AUDI','TT','MY99'),(265,'AUDI','A4','1.8 SE 20V'),(266,'AUDI','A4','B6 2.0 AVANT'),(267,'AUDI','ALLROAD QUATTRO','C5'),(268,'AUDI','A3','1.6'),(269,'AUDI','S3','1.8'),(270,'AUDI','A3','8P SPORTBACK 2.0 TDI AMBITION '),(271,'AUDI','A3','1.8'),(272,'AUDI','A3','1.8 TURBO'),(273,'AUDI','TT','QUATTRO'),(274,'AUDI','A3','1.8'),(275,'AUDI','A6','4B 2.4 V6'),(276,'SAAB','9-Mar','MY07 LINEAR SPORT 1.9TiD SPORT'),(277,'SAAB','9-May','SE'),(278,'SAAB','9-Mar','MY04 ARC 2.0T'),(279,'SAAB','9-Mar','MY02 AERO'),(280,'SAAB','9-May','MY04 AERO'),(281,'SAAB','900','SE 2.5 V6'),(282,'SAAB','9-Mar','MY03 TURBO 2.0t LTD ED'),(283,'SAAB','9000','CS ANNIVERSARY'),(284,'SAAB','900','S 2.5 V6'),(285,'SAAB','9-May','MY01 S'),(286,'SAAB','9-Mar','MY05 AERO'),(287,'SAAB','9000','CSE'),(288,'SAAB','9-Mar','AERO'),(289,'SAAB','9-Mar','S'),(290,'SAAB','9-Mar','MY04 AERO 2.0t'),(291,'SAAB','9000','CS'),(292,'SAAB','9000','CS'),(293,'SAAB','9-Mar','S'),(294,'SAAB','9-Mar','SE'),(295,'SAAB','9000','CD 16'),(296,'MAZDA','929','DELUXE'),(297,'MAZDA','929','LUXURY'),(298,'HONDA','ACCORD','40 VTi');
/*!40000 ALTER TABLE `make` ENABLE KEYS */;
UNLOCK TABLES;

--
-- Table structure for table `order`
--

DROP TABLE IF EXISTS `order`;
/*!40101 SET @saved_cs_client     = @@character_set_client */;
/*!40101 SET character_set_client = utf8 */;
CREATE TABLE `order` (
  `Order_ID` int(11) NOT NULL,
  `Customer_ID` int(11) NOT NULL,
  `Car_ID` int(11) NOT NULL,
  `Pickup_Store_ID` int(11) NOT NULL,
  `Return_Store_ID` int(11) NOT NULL,
  `Order_Create_Date_ID` int(11) NOT NULL,
  `Pickup_Date_ID` int(11) NOT NULL,
  `Return_Date_ID` int(11) NOT NULL,
  PRIMARY KEY (`Order_ID`),
  KEY `customer_key` (`Customer_ID`),
  KEY `car_key` (`Car_ID`),
  KEY `pickup_store_key` (`Pickup_Store_ID`),
  KEY `return_store_key` (`Return_Store_ID`),
  KEY `order_create_date_key` (`Order_Create_Date_ID`),
  KEY `order_pickup_date_key` (`Pickup_Date_ID`),
  KEY `order_return_date_key` (`Return_Date_ID`),
  CONSTRAINT `car_key` FOREIGN KEY (`Car_ID`) REFERENCES `car` (`Car_ID`) ON DELETE NO ACTION ON UPDATE NO ACTION,
  CONSTRAINT `customer_key` FOREIGN KEY (`Customer_ID`) REFERENCES `customer` (`Customer_ID`) ON DELETE NO ACTION ON UPDATE NO ACTION,
  CONSTRAINT `order_create_date_key` FOREIGN KEY (`Order_Create_Date_ID`) REFERENCES `time` (`Time_ID`) ON DELETE NO ACTION ON UPDATE NO ACTION,
  CONSTRAINT `pickup_store_key` FOREIGN KEY (`Pickup_Store_ID`) REFERENCES `store` (`Store_ID`) ON DELETE NO ACTION ON UPDATE NO ACTION,
  CONSTRAINT `order_pickup_date_key` FOREIGN KEY (`Pickup_Date_ID`) REFERENCES `time` (`Time_ID`) ON DELETE NO ACTION ON UPDATE NO ACTION,
  CONSTRAINT `return_store_key` FOREIGN KEY (`Return_Store_ID`) REFERENCES `store` (`Store_ID`) ON DELETE NO ACTION ON UPDATE NO ACTION,
  CONSTRAINT `order_return_date_key` FOREIGN KEY (`Return_Date_ID`) REFERENCES `time` (`Time_ID`) ON DELETE NO ACTION ON UPDATE NO ACTION
) ENGINE=InnoDB DEFAULT CHARSET=utf8;
/*!40101 SET character_set_client = @saved_cs_client */;

--
-- Dumping data for table `order`
--

LOCK TABLES `order` WRITE;
/*!40000 ALTER TABLE `order` DISABLE KEYS */;
INSERT INTO `order` VALUES (3,11014,14806,3,16,1,1,9),(4,11012,14816,12,8,2,2,7),(5,11011,14810,5,5,3,3,8),(6,11011,14812,6,25,4,7,13),(7,11014,14814,7,14,5,5,13),(8,11016,14816,8,29,6,7,14),(9,11014,14818,9,18,7,7,16),(11,11059,14811,11,13,9,9,14),(12,11017,14812,25,25,10,13,42),(13,11054,14813,50,13,11,12,19),(14,11055,14814,14,14,12,13,17),(15,11056,14815,15,15,13,13,22),(16,11052,14816,29,29,14,14,46),(17,11011,14817,17,50,15,15,20),(18,11055,14818,18,18,16,16,21),(19,11017,14819,14,14,17,18,39),(20,11052,14835,15,35,18,21,33),(21,11053,14842,50,1,19,19,39),(22,11018,14839,17,39,20,20,37),(23,11015,14838,15,25,21,21,36),(24,11018,14843,19,19,22,25,41),(25,11016,14850,25,5,23,23,43),(26,11018,14847,21,21,24,27,43),(27,11051,14846,19,3,25,25,41),(28,11054,14851,50,22,26,26,50),(29,11016,14858,29,9,27,27,47),(30,11016,14860,30,10,28,28,49),(31,11012,14831,21,24,29,29,53),(32,11015,14832,21,21,30,33,35),(33,11019,14833,33,15,31,31,36),(34,11057,14834,21,21,32,32,53),(35,11056,14835,35,35,33,33,42),(36,11057,14836,23,23,34,34,55),(37,11013,14837,37,37,35,35,44),(38,11012,14838,25,25,36,36,57),(39,11014,14839,39,9,37,37,45),(40,11013,14880,40,15,38,39,81),(41,11016,14842,1,1,39,39,48),(42,11015,14855,13,13,40,43,45),(43,11059,14846,3,10,41,41,46),(44,11051,14859,15,19,42,45,57),(45,11053,14850,5,5,43,43,52),(46,11051,14863,17,23,44,44,61),(47,11053,14854,7,14,45,45,53),(48,11017,14870,22,30,46,47,68),(49,11053,14858,9,18,47,47,56),(50,11050,14860,10,11,48,49,58),(51,11015,14851,22,22,49,50,54),(52,11015,14852,23,16,50,50,67),(53,11018,14853,9,9,51,51,70),(54,11053,14854,14,14,52,53,72),(55,11012,14831,24,24,53,53,75),(56,11019,14856,16,14,54,55,70),(57,11018,14857,13,13,55,55,74),(58,11011,14858,18,18,56,56,72),(59,11019,14859,19,9,57,57,73),(60,11012,14860,11,11,58,58,70),(61,11054,14861,17,21,59,59,78),(62,11011,14862,50,22,60,60,76),(63,11053,14863,23,23,61,61,70),(64,11052,14864,17,17,62,62,83),(65,11054,14865,18,25,63,63,71),(66,11056,14866,26,26,64,65,73),(67,11011,14867,27,27,65,65,70),(68,11057,14852,16,17,66,67,67),(69,11057,14852,17,17,67,67,88),(70,11055,14870,30,30,68,68,73),(71,11011,14871,31,31,69,69,74),(72,11010,14872,32,21,70,71,91),(73,11015,14873,23,23,71,71,76),(74,11015,14874,24,24,72,75,77),(75,11017,14875,28,28,73,74,104),(76,11015,14876,26,26,74,75,79),(77,11013,14877,37,37,75,75,84),(78,11014,14878,38,13,76,77,84),(79,11014,14879,39,14,77,77,85),(80,11017,14880,15,15,78,81,109),(81,11051,14881,13,13,79,79,84),(82,11057,14882,12,12,80,80,101),(83,11055,14883,3,3,81,81,86),(84,11010,14884,4,4,82,83,100),(85,11052,14885,20,20,83,84,104),(86,11054,14886,21,6,84,87,102),(87,11058,14887,7,7,85,85,103),(88,11052,14888,23,23,86,86,107),(89,11051,14889,21,21,87,87,102),(90,11057,14890,20,20,88,89,109),(91,11014,14891,11,10,89,89,107),(92,11015,14892,24,24,90,90,105),(93,11012,14872,21,26,91,91,97),(94,11051,14894,24,24,92,92,97),(95,11015,14895,25,25,93,93,98),(96,11051,14896,26,26,94,95,99),(97,11014,14897,17,14,95,95,103),(98,11012,14872,26,26,96,97,117),(99,11017,14899,14,14,97,98,118),(100,11016,14900,20,20,98,99,107),(101,11113,14901,21,21,99,99,108),(102,11114,14902,17,22,100,100,108),(103,11114,14903,18,10,101,101,112),(104,11116,14904,24,24,102,105,111),(105,11115,14905,25,25,103,103,108),(106,11112,14906,21,10,104,104,115),(107,11113,14907,27,27,105,105,114),(108,11111,14908,20,20,106,107,111),(109,11119,14909,29,15,107,107,112),(110,11112,14910,25,25,108,111,140),(111,11117,14911,21,21,109,109,131),(112,11119,14912,32,10,110,111,115),(113,11114,14903,10,14,111,112,116),(114,11111,14914,26,26,112,113,117),(115,11115,14915,35,35,113,113,118),(116,11111,14906,10,25,114,115,129),(117,11114,14903,14,15,115,116,116),(118,11112,14903,15,16,116,116,118),(119,11114,14903,16,39,117,118,136),(120,11117,14920,12,13,118,118,131),(121,11114,14921,18,1,119,119,138),(122,11158,14922,2,2,120,120,139),(123,11116,14923,3,9,121,121,133),(124,11111,14924,15,10,122,122,133),(125,11116,14925,5,5,123,123,132),(126,11112,14926,20,20,124,125,145),(127,11115,14927,7,24,125,125,149),(128,11158,14928,8,8,126,127,134),(129,11159,14929,20,25,127,128,152),(130,11114,14930,24,10,128,128,136),(131,11157,14906,25,31,129,129,135),(132,11156,14923,9,15,130,133,136),(133,11158,14920,13,16,131,131,135),(134,11114,14924,10,11,132,133,133),(135,11150,14924,11,28,133,133,161),(136,11119,14920,16,19,134,135,137),(137,11157,14906,31,31,135,135,166),(138,11156,14923,15,15,136,136,145),(139,11151,14920,19,36,137,137,157),(140,11155,14940,20,20,138,139,143),(141,11154,14941,21,12,139,139,161),(142,11152,14942,18,18,140,140,161),(143,11154,14943,23,12,141,141,153),(144,11153,14944,21,14,142,145,157),(145,11116,14945,25,25,143,143,162),(146,11155,14946,26,26,144,145,149),(147,11117,14947,18,10,145,145,156),(148,11119,14948,28,11,146,147,161),(149,11153,14949,26,26,147,148,166),(150,11154,14950,30,30,148,148,166),(151,11111,14927,24,24,149,149,164),(152,11157,14924,28,28,150,150,161),(153,11153,14941,12,12,151,151,170),(154,11111,14929,25,25,152,152,157),(155,11156,14943,12,16,153,153,158),(156,11155,14920,36,36,154,157,159),(157,11159,14947,10,12,155,156,160),(158,11157,14944,14,17,156,157,159),(159,11156,14943,16,17,157,158,158),(160,11153,14943,17,20,158,158,162),(161,11152,14944,17,20,159,159,163),(162,11154,14967,2,26,160,161,185),(163,11156,14943,20,25,161,162,166),(164,11150,14944,20,27,162,163,169),(165,11158,14960,5,15,163,163,173),(166,11154,14961,6,9,164,164,170),(167,11154,14962,7,14,165,165,175),(168,11156,14943,25,25,166,166,175),(169,11158,14964,9,9,167,167,175),(170,11156,14961,9,11,168,171,170),(171,11157,14944,27,29,169,169,171),(172,11156,14961,11,22,170,170,193),(173,11152,14944,29,29,171,171,193),(174,11158,14969,14,25,172,173,183),(175,11158,14960,15,15,173,173,192),(176,11157,14962,14,15,174,175,175),(177,11152,14962,15,16,175,175,177),(178,11152,14962,16,17,176,177,177),(179,11152,14962,17,20,177,177,179),(180,11155,14962,20,20,178,179,192),(181,11154,14966,21,21,179,179,185),(182,11157,14962,20,38,180,180,197),(183,11156,14961,22,30,181,181,188),(184,11159,14965,19,15,182,182,198),(185,11158,14969,25,28,183,183,187),(186,11151,14967,26,22,184,185,188),(187,11153,14966,21,21,185,185,194),(188,11151,14969,28,28,186,187,191),(189,11157,14967,22,24,187,188,189),(190,11151,14961,30,30,188,188,193),(191,11152,14967,24,26,189,189,192),(192,11151,14963,32,32,190,191,195),(193,11157,14967,26,28,191,192,194),(194,11150,14985,9,11,192,195,194),(195,11152,14967,28,28,193,194,225),(196,11150,14985,11,12,194,194,195),(197,11150,14985,12,12,195,195,203),(198,11158,14962,38,38,196,197,204),(199,11156,14984,15,15,197,197,206),(200,11154,15004,40,4,198,199,203),(201,11250,15001,1,18,199,199,216),(202,11259,15002,2,11,200,201,205),(203,11258,15003,18,12,201,201,224),(204,11256,15004,4,13,202,203,211),(205,11251,15005,5,11,203,203,209),(206,11259,15006,6,9,204,207,224),(207,11253,15007,7,7,205,205,225),(208,11258,15008,23,38,206,206,237),(209,11253,15009,9,16,207,207,215),(210,11251,15010,10,10,208,209,224),(211,11254,15005,11,14,209,209,224),(212,11251,15003,12,39,210,210,237),(213,11259,15004,13,14,211,211,227),(214,11251,15005,14,32,212,212,231),(215,11255,15006,9,28,213,213,233),(216,11254,15009,16,24,214,215,231),(217,11250,15000,17,17,215,215,223),(218,11250,15001,18,31,216,216,229),(219,11257,14988,31,31,217,217,238),(220,11251,15020,20,20,218,219,223),(221,11257,15021,15,15,219,219,240),(222,11251,15022,22,22,220,221,225),(223,11253,15023,23,23,221,221,230),(224,11256,15024,24,29,222,225,251),(225,11258,15025,19,19,223,223,231),(226,11252,15026,15,15,224,224,253),(227,11256,15027,27,27,225,225,234),(228,11256,15028,28,28,226,227,235),(229,11259,15029,29,11,227,227,232),(230,11252,15030,19,19,228,231,257),(231,11251,15001,31,31,229,229,234),(232,11254,15005,32,10,230,231,238),(233,11255,15009,24,35,231,231,233),(234,11217,15006,28,31,232,233,235),(235,11256,15009,35,35,233,233,241),(236,11252,15011,25,25,234,237,253),(237,11217,15006,31,31,235,235,254),(238,11251,15008,38,38,236,237,241),(239,11256,15003,39,39,237,237,254),(240,11219,15040,13,18,238,241,256),(241,11219,15041,14,15,239,240,253),(243,11213,15043,20,11,241,241,249),(244,11218,15044,4,39,242,243,277),(245,11215,15045,5,18,243,243,261),(246,11217,15046,22,30,244,245,269),(247,11218,15047,7,12,245,245,253),(248,11216,15048,25,22,246,246,261),(249,11214,15049,9,27,247,247,265),(250,11219,15050,23,11,248,248,253),(251,11259,15043,11,17,249,249,255),(252,11254,15047,12,9,250,253,254),(253,11257,15024,29,29,251,251,283),(254,11210,15042,12,20,252,255,259),(255,11256,15041,15,19,253,253,257),(256,11252,15047,9,14,254,254,260),(257,11256,15043,17,17,255,255,264),(258,11251,15040,18,24,256,256,265),(259,11259,15041,19,26,257,257,265),(260,11259,15042,20,31,258,259,282),(261,11252,15047,14,32,259,260,282),(262,11253,15048,22,37,260,261,275),(263,11255,15045,18,20,261,261,264),(264,11256,15040,24,28,262,265,267),(265,11255,15045,20,24,263,264,267),(266,11250,15041,26,26,264,265,283),(267,11251,15049,27,27,265,265,270),(268,11259,15040,28,35,266,267,273),(269,11255,15045,24,24,267,267,283),(270,11253,15046,30,31,268,268,269),(271,11254,15046,31,34,269,269,284),(272,11254,15047,32,36,270,270,277),(273,11257,15042,31,31,271,271,283),(274,11251,15046,34,34,272,272,288),(275,11256,15040,35,35,273,273,282),(276,11259,15047,36,15,274,277,279),(277,11259,15048,37,8,275,275,280),(278,11255,15066,12,22,276,276,287),(279,11256,15044,39,39,277,277,286),(280,11257,15063,17,24,278,278,285),(281,11251,15082,1,37,279,279,315),(282,11256,15087,2,2,280,281,289),(283,11252,15068,15,17,281,281,283),(284,11254,15088,4,13,282,283,291),(285,11252,15068,17,17,283,283,314),(286,11256,15081,6,9,284,284,291),(287,11258,15063,24,26,285,285,288),(288,11255,15066,22,22,286,287,291),(289,11258,15063,26,31,287,288,295),(290,11258,15081,9,17,288,291,296),(291,11250,15085,11,31,289,289,309),(292,11251,15083,12,39,290,290,317),(293,11256,15088,13,17,291,291,295),(294,11257,15063,31,31,292,295,313),(295,11255,15084,11,11,293,293,298),(296,11254,15080,16,19,294,295,297),(297,11259,15088,17,12,295,295,300),(298,11257,15081,17,17,296,296,317),(299,11259,15080,19,14,297,297,312),(300,11253,15100,20,20,298,299,317),(301,11355,15101,21,11,299,299,310),(302,11359,15102,22,10,300,301,315),(303,11351,15103,19,19,301,301,316),(304,11350,15104,24,12,302,302,314),(305,11353,15105,25,25,303,303,312),(306,11354,15106,23,12,304,304,316),(307,11355,15107,27,27,305,305,310),(308,11352,15108,25,25,306,306,327),(309,11353,15109,29,29,307,307,316),(310,11351,15110,24,24,308,308,313),(311,11350,15085,31,34,309,309,313),(312,11354,15101,11,12,310,310,311),(313,11354,15101,12,33,311,311,319),(314,11359,15085,34,12,312,313,317),(315,11350,15089,35,35,313,313,321),(316,11351,15104,12,12,314,314,319),(317,11353,15082,37,37,315,315,324),(318,11357,15106,12,25,316,316,329),(319,11350,15083,39,39,317,317,325),(320,11350,15124,40,4,318,319,323),(321,11350,15121,1,1,319,319,327),(322,11354,15122,21,38,320,320,356),(323,11356,15123,3,33,321,321,350),(324,11353,15124,4,34,322,323,352),(325,11358,15125,5,5,323,323,331),(326,11352,15126,25,25,324,327,345),(327,11357,15127,21,10,325,325,336),(328,11358,15128,8,14,326,327,343),(329,11357,15129,23,16,327,327,335),(330,11352,15130,29,29,328,328,349),(331,11312,15106,25,26,329,329,331),(332,11312,15106,26,26,330,331,351),(333,11318,15119,14,16,331,331,344),(334,11350,15128,14,14,332,332,350),(335,11317,15119,16,16,333,333,344),(336,11314,15129,16,19,334,335,337),(337,11312,15127,10,11,335,336,336),(338,11312,15127,11,37,336,336,354),(339,11319,15129,19,35,337,337,352),(340,11351,15140,15,11,338,338,348),(342,11314,15142,22,28,339,340,368),(343,11311,15143,23,23,340,340,345),(344,11316,15144,24,24,341,344,350),(345,11313,15145,25,18,342,342,360),(346,11311,15146,26,26,343,344,348),(347,11312,15147,20,20,344,345,375),(348,11317,15148,26,26,345,346,376),(349,11317,15149,27,27,346,346,377),(350,11314,15150,30,16,347,350,355),(351,11318,15140,11,12,348,348,349),(352,11318,15140,12,19,349,349,356),(353,11311,15123,33,40,350,350,358),(354,11311,15124,34,34,351,352,356),(355,11316,15129,35,36,352,352,356),(356,11314,15129,36,14,353,356,361),(357,11319,15127,37,11,354,354,359),(358,11313,15122,38,38,355,356,374),(359,11317,15140,19,19,356,356,377),(360,11314,15123,40,10,357,358,375),(361,11316,15165,1,11,358,358,368),(362,11313,15166,2,13,359,360,370),(363,11312,15145,18,21,360,360,366),(364,11316,15168,4,35,361,361,402),(365,11316,15169,5,9,362,362,366),(366,11315,15145,21,21,363,366,368),(367,11316,15161,7,18,364,364,375),(368,11313,15162,8,12,365,366,372),(369,11311,15169,9,15,366,366,372),(370,11317,15142,28,28,367,368,388),(371,11313,15165,11,12,368,368,374),(372,11319,15162,12,8,369,372,374),(373,11314,15166,13,16,370,370,374),(374,11318,15167,14,14,371,372,379),(375,11313,15169,15,19,372,372,376),(376,11319,15166,16,23,373,374,380),(377,11312,15165,12,17,374,374,379),(378,11310,15161,18,21,375,375,378),(379,11319,15169,19,26,376,376,384),(380,11310,15163,20,29,377,378,386),(381,11319,15161,21,9,378,378,383),(382,11312,15165,17,19,379,379,383),(383,11318,15166,23,12,380,380,390),(384,11312,15165,19,20,381,384,383),(385,11312,15165,20,23,382,383,385),(386,11318,15169,26,36,383,384,406),(387,11314,15160,27,11,384,384,402),(388,11312,15165,23,31,385,385,388),(389,11313,15163,29,29,386,386,405),(390,11318,15166,12,33,387,390,390),(391,11313,15165,31,31,388,388,407),(392,11315,15181,11,31,389,389,408),(393,11310,15166,33,33,390,390,408),(395,11310,15168,35,35,391,391,410),(396,11310,15169,36,36,392,392,411),(397,11312,15186,11,12,393,393,394),(398,11312,15186,12,12,394,394,415),(399,11315,15184,15,15,395,395,400),(400,11315,15209,16,9,396,397,405),(401,11410,15201,1,1,397,397,405),(402,11419,15202,2,14,398,399,413),(403,11415,15203,3,3,399,399,404),(404,11410,15204,4,15,400,401,411),(405,11418,15205,5,34,401,401,431),(406,11413,15206,6,13,402,402,409),(407,11411,15207,23,14,403,403,411),(408,11416,15208,8,19,404,405,415),(409,11416,15209,9,9,405,405,414),(410,11412,15210,29,29,406,406,438),(411,11419,15200,11,17,407,407,413),(412,11412,15181,31,31,408,408,440),(413,11416,15206,13,13,409,409,418),(414,11416,15207,14,36,410,411,432),(415,11419,15204,15,33,411,411,429),(416,11411,15202,14,14,412,413,417),(417,11413,15200,17,32,413,413,429),(418,11414,15199,19,18,414,414,433),(419,11419,15208,19,13,415,415,420),(420,11418,15220,20,11,416,417,427),(421,11416,15221,21,21,417,417,437),(422,11411,15222,20,20,418,419,434),(423,11418,15223,23,12,419,419,431),(424,11415,15224,24,14,420,420,449),(425,11412,15225,26,26,421,421,448),(426,11411,15226,24,24,422,422,438),(427,11411,15227,25,25,423,423,439),(428,11413,15228,28,28,424,425,433),(429,11411,15229,24,24,425,425,430),(430,11416,15230,30,30,426,426,435),(431,11414,15220,11,19,427,427,435),(432,11415,15200,32,38,428,429,435),(433,11418,15204,33,33,429,429,437),(434,11410,15205,34,37,430,431,433),(435,11411,15223,12,12,431,431,436),(436,11418,15207,36,36,432,432,440),(437,11415,15205,37,37,433,433,438),(438,11416,15200,38,38,434,435,443),(439,11414,15220,19,39,435,435,443),(440,11418,15241,40,1,436,437,437),(441,11418,15241,1,13,437,437,449),(442,11415,15242,2,14,438,439,451),(443,11416,15243,3,15,439,439,451),(444,11410,15244,4,22,440,441,459),(445,11412,15245,25,27,441,441,463),(446,11416,15246,6,6,442,445,451),(447,11419,15247,7,19,443,443,455),(448,11412,15248,28,10,444,445,465),(449,11415,15249,9,17,445,445,463),(450,11414,15250,12,10,446,449,464),(451,11417,15225,26,26,447,448,468),(452,11412,15224,14,14,448,449,469),(453,11419,15241,13,29,449,449,465),(454,11419,15242,14,24,450,451,463),(455,11415,15243,15,13,451,451,465),(456,11417,15243,13,17,452,452,456),(457,11416,15249,17,25,453,453,461),(458,11413,15240,18,18,454,454,463),(459,11419,15247,19,35,455,455,471),(460,11411,15243,17,18,456,456,457),(461,11411,15243,18,20,457,457,460),(462,11416,15244,22,26,458,459,463),(463,11411,15243,20,32,459,460,469),(464,11419,15242,24,30,460,463,469),(465,11412,15249,25,31,461,461,467),(466,11415,15244,26,26,462,463,467),(467,11415,15245,27,33,463,463,469),(468,11414,15248,10,28,464,465,472),(469,11416,15241,29,40,465,465,477),(470,11413,15242,30,16,466,469,471),(471,11415,15249,31,31,467,467,472),(472,11410,15243,32,32,468,469,476),(473,11413,15245,33,37,469,469,473),(474,11414,15242,16,34,470,471,478),(475,11413,15247,35,36,471,471,475),(476,11418,15247,36,36,472,475,480),(477,11415,15245,37,37,473,473,478),(478,11411,15261,17,18,474,474,475),(479,11411,15261,18,24,475,475,481),(480,11410,15241,40,40,476,477,495),(481,11410,15280,1,3,477,477,479),(482,11417,15263,19,21,478,481,480),(483,11410,15280,3,7,479,479,494),(484,11417,15263,21,16,480,480,492),(485,11411,15261,24,25,481,481,496),(486,11411,15261,25,30,482,482,487),(487,11418,15280,7,8,483,483,496),(488,11415,15280,8,10,484,484,487),(489,11411,15264,25,25,485,485,490),(490,11418,15280,10,13,486,487,489),(491,11412,15261,30,31,487,487,491),(492,11412,15261,31,31,488,491,509),(493,11415,15280,13,16,489,489,493),(494,11459,15282,12,18,490,493,495),(495,11412,15263,16,16,491,492,512),(496,11413,15280,16,36,492,493,513),(497,11417,15284,13,13,493,493,524),(498,11414,15260,19,18,494,494,502),(499,11414,15259,20,19,495,496,503),(500,11412,15300,21,18,496,499,524),(501,11559,15301,21,14,497,497,502),(502,11552,15302,18,18,498,498,529),(503,11559,15303,23,8,499,499,504),(504,11554,15304,24,13,500,503,508),(505,11557,15305,26,26,501,502,532),(506,11556,15306,26,26,502,503,511),(507,11554,15307,27,16,503,503,511),(508,11550,15308,28,28,504,505,512),(509,11550,15309,29,29,505,505,513),(510,11554,15310,30,11,506,509,524),(511,11557,15297,14,15,507,508,510),(512,11557,15297,15,16,508,511,510),(513,11557,15297,16,17,509,510,510),(514,11558,15297,17,18,510,510,511),(515,11558,15297,18,18,511,511,529),(516,11556,15280,36,37,512,512,513),(517,11550,15280,37,39,513,513,515),(518,11555,15300,18,18,514,514,529),(519,11550,15280,39,39,515,515,523),(520,11551,15327,40,7,516,517,523),(521,11551,15321,1,18,517,517,553),(522,11555,15322,20,11,518,519,527),(523,11558,15323,24,16,519,519,533),(524,11556,15324,4,13,520,521,529),(525,11553,15325,5,15,521,521,531),(526,11559,15326,6,40,522,522,557),(527,11554,15327,7,31,523,523,547),(528,11553,15328,8,18,524,525,534),(529,11554,15329,9,19,525,525,535),(530,11553,15330,10,10,526,527,535),(531,11553,15322,11,11,527,527,536),(532,11558,15317,15,17,528,528,530),(533,11553,15324,13,17,529,529,533),(534,11557,15317,17,17,530,530,562),(535,11550,15325,15,15,531,531,539),(536,11551,15323,16,34,532,533,551),(537,11551,15324,17,35,533,533,551),(538,11550,15328,18,39,534,534,555),(539,11550,15329,19,19,535,535,543),(540,11555,15340,20,16,536,537,553),(541,11551,15341,21,21,537,537,542),(542,11513,15342,26,26,538,539,558),(543,11514,15343,23,9,539,539,550),(544,11518,15344,24,24,540,540,559),(545,11519,15345,25,11,541,541,557),(546,11517,15346,29,11,542,542,564),(547,11519,15347,9,13,543,543,559),(548,11551,15348,28,28,544,544,560),(549,11550,15349,29,29,545,545,564),(550,11550,15350,30,30,546,546,554),(551,11515,15327,31,31,547,547,552),(552,11519,15343,9,10,548,551,550),(553,11519,15343,10,21,549,550,563),(554,11518,15323,34,34,550,551,558),(555,11518,15324,35,38,551,551,555),(556,11512,15340,16,26,552,553,563),(557,11513,15321,18,18,553,553,562),(558,11511,15324,38,38,554,555,559),(559,11518,15328,39,39,555,555,563),(560,11511,15326,40,40,556,557,561),(561,11515,15367,1,22,557,557,579),(562,11516,15316,23,23,558,558,567),(563,11511,15369,3,13,559,559,569),(564,11519,15343,21,11,560,563,565),(565,11511,15361,5,10,561,561,568),(566,11517,15340,26,27,562,563,563),(567,11512,15340,27,29,563,563,565),(568,11516,15346,11,11,564,564,573),(569,11512,15340,29,18,565,565,586),(570,11515,15366,10,12,566,567,589),(571,11519,15361,10,12,567,568,571),(572,11514,15361,12,14,568,571,572),(573,11515,15369,13,20,569,569,588),(574,11514,15363,14,17,570,571,573),(575,11519,15361,14,20,571,572,578),(576,11512,15340,18,18,572,572,594),(577,11515,15363,17,38,573,573,595),(578,11515,15364,18,25,574,574,581),(579,11518,15368,19,10,575,575,585),(580,11514,15369,20,9,576,576,583),(581,11517,15361,20,22,577,578,580),(582,11511,15367,22,22,578,579,583),(583,11517,15361,22,23,579,580,580),(584,11510,15361,23,25,580,580,582),(585,11513,15364,25,25,581,581,590),(586,11512,15361,25,28,582,582,586),(587,11513,15369,9,31,583,583,587),(588,11516,15368,10,10,584,585,593),(589,11512,15361,28,31,585,586,588),(590,11513,15366,12,12,586,589,595),(591,11514,15369,31,34,587,587,591),(592,11517,15361,31,33,588,588,589),(593,11518,15361,33,33,589,589,597),(594,11515,15369,34,34,590,591,595),(595,11511,15360,35,35,591,591,596),(596,11512,15362,17,17,592,592,601),(597,11514,15365,37,37,593,593,599),(598,11511,15363,38,38,594,595,598),(599,11513,15357,21,21,595,595,600),(600,11514,15400,40,40,596,597,600);
/*!40000 ALTER TABLE `order` ENABLE KEYS */;
UNLOCK TABLES;

--
-- Table structure for table `store`
--

DROP TABLE IF EXISTS `store`;
/*!40101 SET @saved_cs_client     = @@character_set_client */;
/*!40101 SET character_set_client = utf8 */;
CREATE TABLE `store` (
  `Store_ID` int(11) NOT NULL,
  `Store_Name` varchar(30) CHARACTER SET utf8mb4 DEFAULT NULL,
  `Store_Phone` varchar(25) CHARACTER SET utf8mb4 DEFAULT NULL,
  `Location_ID` int(11) DEFAULT NULL,
  PRIMARY KEY (`Store_ID`),
  KEY `location_key` (`Location_ID`),
  CONSTRAINT `location_key` FOREIGN KEY (`Location_ID`) REFERENCES `location` (`Location_ID`) ON DELETE NO ACTION ON UPDATE NO ACTION
) ENGINE=InnoDB DEFAULT CHARSET=utf8;
/*!40101 SET character_set_client = @saved_cs_client */;

--
-- Dumping data for table `store`
--

LOCK TABLES `store` WRITE;
/*!40000 ALTER TABLE `store` DISABLE KEYS */;
INSERT INTO `store` VALUES (1,'Alexandria_stroe','1 (11) 500 555-0162',1),(2,'Coffs Harbour_store','1 (11) 500 555-0110',2),(3,'Darlinghurst_store','1 (11) 500 555-0184',3),(4,'Goulburn_store','1 (11) 500 555-0162',4),(5,'Lane Cove_store','1 (11) 500 555-0131',5),(6,'Lavender Bay_store','1 (11) 500 555-0151',6),(7,'Malabar_store','1 (11) 500 555-0184',7),(8,'Matraville_store','1 (11) 500 555-0126',8),(9,'Milsons Point_store','1 (11) 500 555-0164',9),(10,'Newcastle_store','1 (11) 500 555-0110',10),(11,'North Ryde_store','1 (11) 500 555-0169',11),(12,'North Sydney_store','1 (11) 500 555-0117',12),(13,'Port Macquarie_store','717-555-0164',13),(14,'Rhodes_store','817-555-0185',14),(15,'Silverwater_store','431-555-0156',15),(16,'Springwood_store','208-555-0142',16),(17,'St. Leonards_store','135-555-0171',17),(18,'Sydney_store','1 (11) 500 555-0195',18),(19,'Wollongong_store','1 (11) 500 555-0137',19),(20,'Brisbane_store','262-555-0112',20),(21,'Caloundra_store','550-555-0163',21),(22,'East Brisbane_store','622-555-0158',22),(23,'Gold Coast_store','589-555-0185',23),(24,'Hawthorne_store','452-555-0188',24),(25,'Hervey Bay_store','746-555-0186',25),(26,'Rockhampton_store','1 (11) 500 555-0178',26),(27,'Townsville_store','1 (11) 500 555-0131',27),(28,'Cloverdale_store','1 (11) 500 555-0184',28),(29,'Findon_store','1 (11) 500 555-0116',29),(30,'Perth_store','1 (11) 500 555-0146',30),(31,'Hobart_store','1 (11) 500 555-0182',31),(32,'Bendigo_store','1 (11) 500 555-0195',32),(33,'Cranbourne_store','1 (11) 500 555-0169',33),(34,'Geelong_store','1 (11) 500 555-0137',34),(35,'Melbourne_store','1 (11) 500 555-0136',35),(36,'Melton_store','1 (11) 500 555-0177',36),(37,'Seaford_store','115-555-0183',37),(38,'South Melbourne_store','229-555-0112',38),(39,'Sunbury_store','1 (11) 500 555-0114',39),(40,'Warrnambool_store','1 (11) 500 555-0183',40),(50,'NULL','NULL',41);
/*!40000 ALTER TABLE `store` ENABLE KEYS */;
UNLOCK TABLES;

--
-- Table structure for table `time`
--

DROP TABLE IF EXISTS `time`;
/*!40101 SET @saved_cs_client     = @@character_set_client */;
/*!40101 SET character_set_client = utf8 */;
CREATE TABLE `time` (
  `Time_ID` int(11) NOT NULL,
  `Year` int(11) NOT NULL,
  `Month` int(11) NOT NULL,
  `Day` int(11) NOT NULL,
  `Date` int(11) NOT NULL,
  PRIMARY KEY (`Time_ID`)
) ENGINE=InnoDB DEFAULT CHARSET=utf8;
/*!40101 SET character_set_client = @saved_cs_client */;

--
-- Dumping data for table `time`
--

LOCK TABLES `time` WRITE;
/*!40000 ALTER TABLE `time` DISABLE KEYS */;
INSERT INTO `time` VALUES (1,2005,7,3,20050703),(2,2005,7,4,20050704),(3,2005,7,5,20050705),(4,2005,7,6,20050706),(5,2005,7,7,20050707),(6,2005,7,8,20050708),(7,2005,7,9,20050709),(8,2005,7,10,20050710),(9,2005,7,11,20050711),(10,2005,7,12,20050712),(11,2005,7,13,20050713),(12,2005,7,14,20050714),(13,2005,7,15,20050715),(14,2005,7,16,20050716),(15,2005,7,17,20050717),(16,2005,7,18,20050718),(17,2005,7,19,20050719),(18,2005,7,20,20050720),(19,2005,7,21,20050721),(20,2005,7,22,20050722),(21,2005,7,23,20050723),(22,2005,7,24,20050724),(23,2005,7,25,20050725),(24,2005,7,26,20050726),(25,2005,7,27,20050727),(26,2005,7,28,20050728),(27,2005,7,29,20050729),(28,2005,7,30,20050730),(29,2005,7,31,20050731),(30,2005,8,1,20050801),(31,2005,8,2,20050802),(32,2005,8,3,20050803),(33,2005,8,4,20050804),(34,2005,8,5,20050805),(35,2005,8,6,20050806),(36,2005,8,7,20050807),(37,2005,8,8,20050808),(38,2005,8,9,20050809),(39,2005,8,10,20050810),(40,2005,8,11,20050811),(41,2005,8,12,20050812),(42,2005,8,13,20050813),(43,2005,8,14,20050814),(44,2005,8,15,20050815),(45,2005,8,16,20050816),(46,2005,8,17,20050817),(47,2005,8,18,20050818),(48,2005,8,19,20050819),(49,2005,8,20,20050820),(50,2005,8,21,20050821),(51,2005,8,22,20050822),(52,2005,8,23,20050823),(53,2005,8,24,20050824),(54,2005,8,25,20050825),(55,2005,8,26,20050826),(56,2005,8,27,20050827),(57,2005,8,28,20050828),(58,2005,8,29,20050829),(59,2005,8,30,20050830),(60,2005,8,31,20050831),(61,2005,9,1,20050901),(62,2005,9,2,20050902),(63,2005,9,3,20050903),(64,2005,9,4,20050904),(65,2005,9,5,20050905),(66,2005,9,6,20050906),(67,2005,9,7,20050907),(68,2005,9,8,20050908),(69,2005,9,9,20050909),(70,2005,9,10,20050910),(71,2005,9,11,20050911),(72,2005,9,12,20050912),(73,2005,9,13,20050913),(74,2005,9,14,20050914),(75,2005,9,15,20050915),(76,2005,9,16,20050916),(77,2005,9,17,20050917),(78,2005,9,18,20050918),(79,2005,9,19,20050919),(80,2005,9,20,20050920),(81,2005,9,21,20050921),(82,2005,9,22,20050922),(83,2005,9,23,20050923),(84,2005,9,24,20050924),(85,2005,9,25,20050925),(86,2005,9,26,20050926),(87,2005,9,27,20050927),(88,2005,9,28,20050928),(89,2005,9,29,20050929),(90,2005,9,30,20050930),(91,2005,10,1,20051001),(92,2005,10,2,20051002),(93,2005,10,3,20051003),(94,2005,10,4,20051004),(95,2005,10,5,20051005),(96,2005,10,6,20051006),(97,2005,10,7,20051007),(98,2005,10,8,20051008),(99,2005,10,9,20051009),(100,2005,10,10,20051010),(101,2005,10,11,20051011),(102,2005,10,12,20051012),(103,2005,10,13,20051013),(104,2005,10,14,20051014),(105,2005,10,15,20051015),(106,2005,10,16,20051016),(107,2005,10,17,20051017),(108,2005,10,18,20051018),(109,2005,10,19,20051019),(110,2005,10,20,20051020),(111,2005,10,21,20051021),(112,2005,10,22,20051022),(113,2005,10,23,20051023),(114,2005,10,24,20051024),(115,2005,10,25,20051025),(116,2005,10,26,20051026),(117,2005,10,27,20051027),(118,2005,10,28,20051028),(119,2005,10,29,20051029),(120,2005,10,30,20051030),(121,2005,10,31,20051031),(122,2005,11,1,20051101),(123,2005,11,2,20051102),(124,2005,11,3,20051103),(125,2005,11,4,20051104),(126,2005,11,5,20051105),(127,2005,11,6,20051106),(128,2005,11,7,20051107),(129,2005,11,8,20051108),(130,2005,11,9,20051109),(131,2005,11,10,20051110),(132,2005,11,11,20051111),(133,2005,11,12,20051112),(134,2005,11,13,20051113),(135,2005,11,14,20051114),(136,2005,11,15,20051115),(137,2005,11,16,20051116),(138,2005,11,17,20051117),(139,2005,11,18,20051118),(140,2005,11,19,20051119),(141,2005,11,20,20051120),(142,2005,11,21,20051121),(143,2005,11,22,20051122),(144,2005,11,23,20051123),(145,2005,11,24,20051124),(146,2005,11,25,20051125),(147,2005,11,26,20051126),(148,2005,11,27,20051127),(149,2005,11,28,20051128),(150,2005,11,29,20051129),(151,2005,11,30,20051130),(152,2005,12,1,20051201),(153,2005,12,2,20051202),(154,2005,12,3,20051203),(155,2005,12,4,20051204),(156,2005,12,5,20051205),(157,2005,12,6,20051206),(158,2005,12,7,20051207),(159,2005,12,8,20051208),(160,2005,12,9,20051209),(161,2005,12,10,20051210),(162,2005,12,11,20051211),(163,2005,12,12,20051212),(164,2005,12,13,20051213),(165,2005,12,14,20051214),(166,2005,12,15,20051215),(167,2005,12,16,20051216),(168,2005,12,17,20051217),(169,2005,12,18,20051218),(170,2005,12,19,20051219),(171,2005,12,20,20051220),(172,2005,12,21,20051221),(173,2005,12,22,20051222),(174,2005,12,23,20051223),(175,2005,12,24,20051224),(176,2005,12,25,20051225),(177,2005,12,26,20051226),(178,2005,12,27,20051227),(179,2005,12,28,20051228),(180,2005,12,29,20051229),(181,2005,12,30,20051230),(182,2005,12,31,20051231),(183,2006,1,1,20060101),(184,2006,1,2,20060102),(185,2006,1,3,20060103),(186,2006,1,4,20060104),(187,2006,1,5,20060105),(188,2006,1,6,20060106),(189,2006,1,7,20060107),(190,2006,1,8,20060108),(191,2006,1,9,20060109),(192,2006,1,10,20060110),(193,2006,1,11,20060111),(194,2006,1,12,20060112),(195,2006,1,13,20060113),(196,2006,1,14,20060114),(197,2006,1,15,20060115),(198,2006,1,16,20060116),(199,2006,1,17,20060117),(200,2006,1,18,20060118),(201,2006,1,19,20060119),(202,2006,1,20,20060120),(203,2006,1,21,20060121),(204,2006,1,22,20060122),(205,2006,1,23,20060123),(206,2006,1,24,20060124),(207,2006,1,25,20060125),(208,2006,1,26,20060126),(209,2006,1,27,20060127),(210,2006,1,28,20060128),(211,2006,1,29,20060129),(212,2006,1,30,20060130),(213,2006,1,31,20060131),(214,2006,2,1,20060201),(215,2006,2,2,20060202),(216,2006,2,3,20060203),(217,2006,2,4,20060204),(218,2006,2,5,20060205),(219,2006,2,6,20060206),(220,2006,2,7,20060207),(221,2006,2,8,20060208),(222,2006,2,9,20060209),(223,2006,2,10,20060210),(224,2006,2,11,20060211),(225,2006,2,12,20060212),(226,2006,2,13,20060213),(227,2006,2,14,20060214),(228,2006,2,15,20060215),(229,2006,2,16,20060216),(230,2006,2,17,20060217),(231,2006,2,18,20060218),(232,2006,2,19,20060219),(233,2006,2,20,20060220),(234,2006,2,21,20060221),(235,2006,2,22,20060222),(236,2006,2,23,20060223),(237,2006,2,24,20060224),(238,2006,2,25,20060225),(239,2006,2,26,20060226),(240,2006,2,27,20060227),(241,2006,2,28,20060228),(242,2006,3,1,20060301),(243,2006,3,2,20060302),(244,2006,3,3,20060303),(245,2006,3,4,20060304),(246,2006,3,5,20060305),(247,2006,3,6,20060306),(248,2006,3,7,20060307),(249,2006,3,8,20060308),(250,2006,3,9,20060309),(251,2006,3,10,20060310),(252,2006,3,11,20060311),(253,2006,3,12,20060312),(254,2006,3,13,20060313),(255,2006,3,14,20060314),(256,2006,3,15,20060315),(257,2006,3,16,20060316),(258,2006,3,17,20060317),(259,2006,3,18,20060318),(260,2006,3,19,20060319),(261,2006,3,20,20060320),(262,2006,3,21,20060321),(263,2006,3,22,20060322),(264,2006,3,23,20060323),(265,2006,3,24,20060324),(266,2006,3,25,20060325),(267,2006,3,26,20060326),(268,2006,3,27,20060327),(269,2006,3,28,20060328),(270,2006,3,29,20060329),(271,2006,3,30,20060330),(272,2006,3,31,20060331),(273,2006,4,1,20060401),(274,2006,4,2,20060402),(275,2006,4,3,20060403),(276,2006,4,4,20060404),(277,2006,4,5,20060405),(278,2006,4,6,20060406),(279,2006,4,7,20060407),(280,2006,4,8,20060408),(281,2006,4,9,20060409),(282,2006,4,10,20060410),(283,2006,4,11,20060411),(284,2006,4,12,20060412),(285,2006,4,13,20060413),(286,2006,4,14,20060414),(287,2006,4,15,20060415),(288,2006,4,16,20060416),(289,2006,4,17,20060417),(290,2006,4,18,20060418),(291,2006,4,19,20060419),(292,2006,4,20,20060420),(293,2006,4,21,20060421),(294,2006,4,22,20060422),(295,2006,4,23,20060423),(296,2006,4,24,20060424),(297,2006,4,25,20060425),(298,2006,4,26,20060426),(299,2006,4,27,20060427),(300,2006,4,28,20060428),(301,2006,4,29,20060429),(302,2006,4,30,20060430),(303,2006,5,1,20060501),(304,2006,5,2,20060502),(305,2006,5,3,20060503),(306,2006,5,4,20060504),(307,2006,5,5,20060505),(308,2006,5,6,20060506),(309,2006,5,7,20060507),(310,2006,5,8,20060508),(311,2006,5,9,20060509),(312,2006,5,10,20060510),(313,2006,5,11,20060511),(314,2006,5,12,20060512),(315,2006,5,13,20060513),(316,2006,5,14,20060514),(317,2006,5,15,20060515),(318,2006,5,16,20060516),(319,2006,5,17,20060517),(320,2006,5,18,20060518),(321,2006,5,19,20060519),(322,2006,5,20,20060520),(323,2006,5,21,20060521),(324,2006,5,22,20060522),(325,2006,5,23,20060523),(326,2006,5,24,20060524),(327,2006,5,25,20060525),(328,2006,5,26,20060526),(329,2006,5,27,20060527),(330,2006,5,28,20060528),(331,2006,5,29,20060529),(332,2006,5,30,20060530),(333,2006,5,31,20060531),(334,2006,6,1,20060601),(335,2006,6,2,20060602),(336,2006,6,3,20060603),(337,2006,6,4,20060604),(338,2006,6,5,20060605),(339,2006,6,7,20060607),(340,2006,6,8,20060608),(341,2006,6,9,20060609),(342,2006,6,10,20060610),(343,2006,6,11,20060611),(344,2006,6,12,20060612),(345,2006,6,13,20060613),(346,2006,6,14,20060614),(347,2006,6,15,20060615),(348,2006,6,16,20060616),(349,2006,6,17,20060617),(350,2006,6,18,20060618),(351,2006,6,19,20060619),(352,2006,6,20,20060620),(353,2006,6,21,20060621),(354,2006,6,22,20060622),(355,2006,6,23,20060623),(356,2006,6,24,20060624),(357,2006,6,25,20060625),(358,2006,6,26,20060626),(359,2006,6,27,20060627),(360,2006,6,28,20060628),(361,2006,6,29,20060629),(362,2006,6,30,20060630),(363,2006,7,1,20060701),(364,2006,7,2,20060702),(365,2006,7,3,20060703),(366,2006,7,4,20060704),(367,2006,7,5,20060705),(368,2006,7,6,20060706),(369,2006,7,7,20060707),(370,2006,7,8,20060708),(371,2006,7,9,20060709),(372,2006,7,10,20060710),(373,2006,7,11,20060711),(374,2006,7,12,20060712),(375,2006,7,13,20060713),(376,2006,7,14,20060714),(377,2006,7,15,20060715),(378,2006,7,16,20060716),(379,2006,7,17,20060717),(380,2006,7,18,20060718),(381,2006,7,19,20060719),(382,2006,7,20,20060720),(383,2006,7,21,20060721),(384,2006,7,22,20060722),(385,2006,7,23,20060723),(386,2006,7,24,20060724),(387,2006,7,25,20060725),(388,2006,7,26,20060726),(389,2006,7,27,20060727),(390,2006,7,28,20060728),(391,2006,7,30,20060730),(392,2006,7,31,20060731),(393,2006,8,1,20060801),(394,2006,8,2,20060802),(395,2006,8,3,20060803),(396,2006,8,4,20060804),(397,2006,8,5,20060805),(398,2006,8,6,20060806),(399,2006,8,7,20060807),(400,2006,8,8,20060808),(401,2006,8,9,20060809),(402,2006,8,10,20060810),(403,2006,8,11,20060811),(404,2006,8,12,20060812),(405,2006,8,13,20060813),(406,2006,8,14,20060814),(407,2006,8,15,20060815),(408,2006,8,16,20060816),(409,2006,8,17,20060817),(410,2006,8,18,20060818),(411,2006,8,19,20060819),(412,2006,8,20,20060820),(413,2006,8,21,20060821),(414,2006,8,22,20060822),(415,2006,8,23,20060823),(416,2006,8,24,20060824),(417,2006,8,25,20060825),(418,2006,8,26,20060826),(419,2006,8,27,20060827),(420,2006,8,28,20060828),(421,2006,8,29,20060829),(422,2006,8,30,20060830),(423,2006,8,31,20060831),(424,2006,9,1,20060901),(425,2006,9,2,20060902),(426,2006,9,3,20060903),(427,2006,9,4,20060904),(428,2006,9,5,20060905),(429,2006,9,6,20060906),(430,2006,9,7,20060907),(431,2006,9,8,20060908),(432,2006,9,9,20060909),(433,2006,9,10,20060910),(434,2006,9,11,20060911),(435,2006,9,12,20060912),(436,2006,9,13,20060913),(437,2006,9,14,20060914),(438,2006,9,15,20060915),(439,2006,9,16,20060916),(440,2006,9,17,20060917),(441,2006,9,18,20060918),(442,2006,9,19,20060919),(443,2006,9,20,20060920),(444,2006,9,21,20060921),(445,2006,9,22,20060922),(446,2006,9,23,20060923),(447,2006,9,24,20060924),(448,2006,9,25,20060925),(449,2006,9,26,20060926),(450,2006,9,27,20060927),(451,2006,9,28,20060928),(452,2006,9,29,20060929),(453,2006,9,30,20060930),(454,2006,10,1,20061001),(455,2006,10,2,20061002),(456,2006,10,3,20061003),(457,2006,10,4,20061004),(458,2006,10,5,20061005),(459,2006,10,6,20061006),(460,2006,10,7,20061007),(461,2006,10,8,20061008),(462,2006,10,9,20061009),(463,2006,10,10,20061010),(464,2006,10,11,20061011),(465,2006,10,12,20061012),(466,2006,10,13,20061013),(467,2006,10,14,20061014),(468,2006,10,15,20061015),(469,2006,10,16,20061016),(470,2006,10,17,20061017),(471,2006,10,18,20061018),(472,2006,10,19,20061019),(473,2006,10,20,20061020),(474,2006,10,21,20061021),(475,2006,10,22,20061022),(476,2006,10,23,20061023),(477,2006,10,24,20061024),(478,2006,10,25,20061025),(479,2006,10,26,20061026),(480,2006,10,27,20061027),(481,2006,10,28,20061028),(482,2006,10,29,20061029),(483,2006,10,30,20061030),(484,2006,10,31,20061031),(485,2006,11,1,20061101),(486,2006,11,2,20061102),(487,2006,11,3,20061103),(488,2006,11,4,20061104),(489,2006,11,5,20061105),(490,2006,11,6,20061106),(491,2006,11,7,20061107),(492,2006,11,8,20061108),(493,2006,11,9,20061109),(494,2006,11,10,20061110),(495,2006,11,11,20061111),(496,2006,11,12,20061112),(497,2006,11,13,20061113),(498,2006,11,14,20061114),(499,2006,11,15,20061115),(500,2006,11,16,20061116),(501,2006,11,17,20061117),(502,2006,11,18,20061118),(503,2006,11,19,20061119),(504,2006,11,20,20061120),(505,2006,11,21,20061121),(506,2006,11,22,20061122),(507,2006,11,23,20061123),(508,2006,11,24,20061124),(509,2006,11,25,20061125),(510,2006,11,26,20061126),(511,2006,11,27,20061127),(512,2006,11,28,20061128),(513,2006,11,29,20061129),(514,2006,11,30,20061130),(515,2006,12,1,20061201),(516,2006,12,2,20061202),(517,2006,12,3,20061203),(518,2006,12,4,20061204),(519,2006,12,5,20061205),(520,2006,12,6,20061206),(521,2006,12,7,20061207),(522,2006,12,8,20061208),(523,2006,12,9,20061209),(524,2006,12,10,20061210),(525,2006,12,11,20061211),(526,2006,12,12,20061212),(527,2006,12,13,20061213),(528,2006,12,14,20061214),(529,2006,12,15,20061215),(530,2006,12,16,20061216),(531,2006,12,17,20061217),(532,2006,12,18,20061218),(533,2006,12,19,20061219),(534,2006,12,20,20061220),(535,2006,12,21,20061221),(536,2006,12,22,20061222),(537,2006,12,23,20061223),(538,2006,12,24,20061224),(539,2006,12,25,20061225),(540,2006,12,26,20061226),(541,2006,12,27,20061227),(542,2006,12,28,20061228),(543,2006,12,29,20061229),(544,2006,12,30,20061230),(545,2006,12,31,20061231),(546,2007,1,1,20070101),(547,2007,1,2,20070102),(548,2007,1,3,20070103),(549,2007,1,4,20070104),(550,2007,1,5,20070105),(551,2007,1,6,20070106),(552,2007,1,7,20070107),(553,2007,1,8,20070108),(554,2007,1,9,20070109),(555,2007,1,10,20070110),(556,2007,1,11,20070111),(557,2007,1,12,20070112),(558,2007,1,13,20070113),(559,2007,1,14,20070114),(560,2007,1,15,20070115),(561,2007,1,16,20070116),(562,2007,1,17,20070117),(563,2007,1,18,20070118),(564,2007,1,19,20070119),(565,2007,1,20,20070120),(566,2007,1,21,20070121),(567,2007,1,22,20070122),(568,2007,1,23,20070123),(569,2007,1,24,20070124),(570,2007,1,25,20070125),(571,2007,1,26,20070126),(572,2007,1,27,20070127),(573,2007,1,28,20070128),(574,2007,1,29,20070129),(575,2007,1,30,20070130),(576,2007,1,31,20070131),(577,2007,2,1,20070201),(578,2007,2,2,20070202),(579,2007,2,3,20070203),(580,2007,2,4,20070204),(581,2007,2,5,20070205),(582,2007,2,6,20070206),(583,2007,2,7,20070207),(584,2007,2,8,20070208),(585,2007,2,9,20070209),(586,2007,2,10,20070210),(587,2007,2,11,20070211),(588,2007,2,12,20070212),(589,2007,2,13,20070213),(590,2007,2,14,20070214),(591,2007,2,15,20070215),(592,2007,2,16,20070216),(593,2007,2,17,20070217),(594,2007,2,18,20070218),(595,2007,2,19,20070219),(596,2007,2,20,20070220),(597,2007,2,21,20070221),(598,2007,2,23,20070223),(599,2007,2,25,20070225),(600,2007,2,28,20070228),(601,2007,3,17,20070317);
/*!40000 ALTER TABLE `time` ENABLE KEYS */;
UNLOCK TABLES;
/*!40103 SET TIME_ZONE=@OLD_TIME_ZONE */;

/*!40101 SET SQL_MODE=@OLD_SQL_MODE */;
/*!40014 SET FOREIGN_KEY_CHECKS=@OLD_FOREIGN_KEY_CHECKS */;
/*!40014 SET UNIQUE_CHECKS=@OLD_UNIQUE_CHECKS */;
/*!40101 SET CHARACTER_SET_CLIENT=@OLD_CHARACTER_SET_CLIENT */;
/*!40101 SET CHARACTER_SET_RESULTS=@OLD_CHARACTER_SET_RESULTS */;
/*!40101 SET COLLATION_CONNECTION=@OLD_COLLATION_CONNECTION */;
/*!40111 SET SQL_NOTES=@OLD_SQL_NOTES */;

-- Dump completed on 2018-09-07 16:23:10
